series,origin,run_id,alert_id,notification_id,record_index,attempt,outcome,mode,latency_mode,talert_notification_ms,witness_multiplicity,payload_bytes,first_delivery,eligible_primary
primary,dbe,control_b1_barehead_a_p1_c02_20260804T170741Z,9e1d7e76-77bb-5751-9d4e-1032578a81f1,976e601d23bb4cc2,0,1,delivered,live,live,48.827392578125,1,1030,True,True
primary,dbe,control_b1_barehead_a_p1_c03_20260804T171011Z,ca25307a-9722-59f1-b44f-42a6aed0b993,6b7e772dd249af80,0,1,delivered,live,live,37.647705078125,1,1030,True,True
primary,dbe,control_b1_barehead_a_p1_c04_20260804T171344Z,ca3d6b7d-f204-54dd-98db-92c25b77693b,90d6361b7b7c3db4,0,1,delivered,live,live,43.080322265625,1,1030,True,True
primary,dbe,control_b1_barehead_a_p1_c05_20260804T171558Z,9d51155c-8fae-53cd-a753-e1674916e5a1,f38c2e19f326eae9,0,1,delivered,live,live,34.350830078125,1,1029,True,True
primary,dbe,control_b1_barehead_a_p1_c06_20260804T171751Z,fc22d70d-7269-520c-a640-a8eadeab3657,dfdc4400bc45166c,0,1,delivered,live,live,41.22900390625,1,1028,True,True
primary,dbe,control_b1_barehead_a_p1_c07_20260804T171926Z,b11847b0-93ff-5146-b8ce-8b679bac1489,4d5db80d2ad13f4a,0,1,delivered,live,live,32.8427734375,1,1029,True,True
primary,dbe,control_b1_barehead_a_p1_c08_20260804T172122Z,3d360c8a-0b99-5701-8e19-b6d68c867087,f01428d22b0fdc96,0,1,delivered,live,live,42.8466796875,1,1030,True,True
primary,dbe,control_b1_barehead_a_p1_c09_20260804T172315Z,e2f0714b-fc3d-56a2-b443-de65b5011ec9,758b1b4d20f737a7,0,1,delivered,live,live,30.1767578125,1,1028,True,True
primary,dbe,control_b1_barehead_a_p1_c09_20260804T172315Z,711c7e7c-1b5e-51e7-a1fc-39b2e8124d8b,1908c9899a3e90ed,1,0,suppressed_cooldown,live,,,0,,False,False
primary,dbe,control_b1_barehead_a_p1_c10_20260804T172526Z,cec7b229-0b5f-5e78-b513-e455ffe835a5,7d79e49957797cc5,0,1,delivered,live,live,40.658447265625,1,1029,True,True
primary,dbe,control_b1_barehead_a_p1_c11_20260804T172726Z,d7200371-3bec-5399-b291-0eac484f05c9,1be061a85bf3116d,0,1,delivered,live,live,32.76904296875,1,1030,True,True
primary,dbe,control_b1_barehead_a_p1_c11_20260804T172726Z,3e71b3ba-5e21-5626-a026-b3224bf2bfc1,78a63dff4658936c,1,0,suppressed_cooldown,live,,,0,,False,False
primary,dbe,control_b1_barehead_a_p1_c12_20260804T172921Z,d28ea7a1-29cc-5411-a4e5-97a35c03fdf4,16f1f3a737d45e3f,0,1,delivered,live,live,46.580322265625,1,1029,True,True
primary,dbe,control_b1_barehead_a_p1_c12_20260804T172921Z,a690009d-cba4-5a2d-aa7a-c1b85933aa50,21a308634e067d8a,1,0,suppressed_cooldown,live,,,0,,False,False
primary,dbe,control_b1_barehead_a_p2_c01_20260804T173209Z,27d8dc3c-45e7-5a26-bfd0-a27831219325,2c54a36f675c2ba4,0,1,delivered,live,live,30.355224609375,1,1027,True,True
primary,dbe,control_b1_barehead_a_p2_c01_20260804T173209Z,c63d8fc4-157f-5877-817e-360528859610,d3e5c5b3891949f2,1,0,suppressed_cooldown,live,,,0,,False,False
primary,dbe,control_b1_barehead_a_p2_c02_20260804T173502Z,d7e71acf-7f62-5577-a41c-867dc2f5b967,3cecf96311f556bf,0,1,delivered,live,live,40.361083984375,1,1028,True,True
primary,dbe,control_b1_barehead_a_p2_c03_20260804T173756Z,61661265-dfd3-5333-9655-c54693720640,cbaaee7d1b481da3,0,1,delivered,live,live,43.387939453125,1,1028,True,True
primary,dbe,control_b1_barehead_a_p2_c03_20260804T173756Z,4c9cf51c-b248-51ae-8e35-1fa651caf099,9a8bcb482121c54c,1,0,suppressed_cooldown,live,,,0,,False,False
primary,dbe,control_b1_barehead_a_p2_c03_20260804T173756Z,04c27f04-7aa6-5c96-8b91-775860db4158,cd19969550a4bc20,2,0,suppressed_cooldown,live,,,0,,False,False
primary,dbe,control_b1_barehead_a_p2_c04_20260804T174110Z,a09ba48d-3be6-5b95-90dd-02f0d1c26294,ab4eadc39fc31d33,0,1,delivered,live,live,60.268310546875,1,1031,True,True
primary,dbe,control_b1_barehead_a_p2_c05_20260804T174410Z,476182b4-3cfb-5825-9053-57fdce3d0814,22d8ae74746126af,0,1,delivered,live,live,43.44091796875,1,1029,True,True
primary,dbe,control_b1_barehead_a_p3_c01_20260804T174535Z,786b8e3e-12ed-5cd7-8e2a-daa83387f284,3a731e74eeb15d47,0,1,delivered,live,live,46.65234375,1,1028,True,True
primary,dbe,control_b1_barehead_a_p3_c02_20260804T174701Z,e82a7633-3330-5ed0-a4b6-680dc475f7eb,6b71b59296c03258,0,1,delivered,live,live,30.751953125,1,1029,True,True
primary,dbe,control_b1_barehead_a_p4_c01_20260804T174919Z,cd37f1c8-670c-5bbc-92ae-d8e50e73b1d1,2340d3d02cd8e9d2,0,1,delivered,live,live,43.376708984375,1,1028,True,True
primary,dbe,control_b1_barehead_a_p4_c02_20260804T175144Z,891006d6-d19b-5819-a176-9233c8e887e7,5691f1a8dc89d40c,0,1,delivered,live,live,36.11474609375,1,1027,True,True
primary,dbe,control_b1_barehead_a_p5_c02_20260804T175846Z,21ece930-c5fc-55ff-9bbc-858c1db39ad8,7cead527029dd029,0,1,delivered,live,live,38.32421875,1,1031,True,True
primary,dbe,control_b1_barehead_a_p6_c01_20260804T180204Z,9559d99d-6d9a-5ccb-947a-052a4d6369b3,60c13d2afdb10bc3,0,1,delivered,live,live,43.00732421875,1,1027,True,True
primary,dbe,control_b1_barehead_a_p6_c02_20260804T180622Z,4e8dad62-3303-5812-b008-e9b68f6669a2,e8bd7d850f02b5ed,0,1,delivered,live,live,36.182373046875,1,1030,True,True
primary,dbe,control_b1_barehead_a_p7_c01_20260804T180910Z,b37a1d34-2697-5754-9dfa-50d33de600f4,d604fd895a2bc892,0,1,delivered,live,live,43.05078125,1,1029,True,True
primary,dbe,control_b1_barehead_a_p7_c02_20260804T181145Z,e0e8765d-7b64-572d-9488-7c8880a04654,b51c5bf975a9b547,0,1,delivered,live,live,34.038330078125,1,1030,True,True
primary,dbe,control_b1_barehead_a_p7_c03_20260804T181417Z,676987ee-2291-5e61-a760-852fac3ddef8,04cc0a32f47df0e7,0,1,delivered,live,live,48.472900390625,1,1028,True,True
primary,dbe,control_b1_barehead_a_p7_c04_20260804T181649Z,76a2f69b-a338-5001-acd3-0aba1e085f09,e17901e6c88488c7,0,1,delivered,live,live,35.61767578125,1,1028,True,True
primary,dbe,control_b1_barehead_a_p8_c01_20260804T182024Z,82f2197f-9cc4-5602-9a01-9a3d5ac942e5,6090e6e6035aee50,0,1,delivered,live,live,43.82666015625,1,1030,True,True
primary,dbe,control_b1_barehead_a_p8_c01_20260804T182024Z,9532668c-5a23-5cdd-8de2-505e0b0ac865,7b569cf3f44ecef6,1,0,suppressed_cooldown,live,,,0,,False,False
primary,dbe,control_b1_barehead_a_p9_c01_20260804T182226Z,33c33164-ae8b-5119-878f-381e2d849da7,b867ede1b417fed8,0,1,delivered,live,live,32.455810546875,1,1030,True,True
primary,dbe,control_b1_barehead_a_p9_c02_20260804T182423Z,985fc336-3b7e-5ee5-9024-7445a3f88590,9730c62b83c501e9,0,1,delivered,live,live,40.439453125,1,1027,True,True
primary,dbe,control_b1_barehead_a_p9_c03_20260804T182613Z,38708d02-8aa9-529e-b248-67cec48f54b9,b534b6566ba34e3f,0,1,delivered,live,live,30.65966796875,1,1029,True,True
primary,dbe,control_b1_barehead_a_p9_c06_20260804T182806Z,3a0356b2-ff34-5d53-9302-0d1318e875a2,d7bcb221eecc50ae,0,1,delivered,live,live,42.228515625,1,1030,True,True
primary,dbe,control_b1_barehead_a_p9_c08_20260804T182951Z,56812127-1f1a-5c51-bd99-e083f63c821d,2c07d348a487169e,0,1,delivered,live,live,31.455078125,1,1030,True,True
primary,dbe,control_bench_rodaje_a_p1_c02_20260804T020403Z,0254a2ec-0496-52a6-930a-753cd237b49c,260b36f74088323f,0,1,delivered,live,live,43.198974609375,1,1040,True,True
primary,dbe,control_bench_rodaje_a_p1_c03_20260804T020550Z,931fe225-f145-5205-a3c6-8210a42d3428,b41f3773ebe32048,0,1,delivered,live,live,29.146484375,1,1037,True,True
primary,dbe,control_bench_rodaje_a_p1_c04_20260804T020814Z,e9f246aa-e150-5c4f-82fd-cf613ba40967,655990059dc4bc0a,0,1,delivered,live,live,42.962158203125,1,1038,True,True
primary,dbe,control_bench_rodaje_a_p1_c05_20260804T020955Z,8143c34e-6bd2-5416-ac8a-a9a7e864392a,025818fc8d0d67c7,0,1,delivered,live,live,35.3603515625,1,1038,True,True
primary,dbe,control_bench_rodaje_a_p1_c06_20260804T021200Z,918ac97a-786a-5060-bdff-e22fab4e9e0d,d527efda4c526db6,0,1,delivered,live,live,41.73291015625,1,1040,True,True
primary,dbe,control_bench_rodaje_a_p1_c07_20260804T021355Z,bec6f9d8-0a92-5fcc-a4ac-567a03be2a4b,ed8547145a945acf,0,1,delivered,live,live,31.164794921875,1,1039,True,True
primary,dbe,control_bench_rodaje_a_p1_c08_20260804T021626Z,9429684c-6c1c-58a7-b61e-d9178d7af79f,d54e9c47c0dab082,0,1,delivered,live,live,40.92724609375,1,1033,True,True
primary,dbe,control_bench_rodaje_a_p1_c08_20260804T021626Z,566b40d2-a27e-55b8-bf68-59579d74127e,7e22605679739637,1,0,suppressed_cooldown,live,,,0,,False,False
primary,dbe,control_bench_rodaje_a_p1_c09_20260804T021850Z,61152558-221d-5a5f-85a0-caa564e4aa2b,6bc80d6c687c3b87,0,1,delivered,live,live,31.608642578125,1,1038,True,True
primary,dbe,control_bench_rodaje_a_p1_c10_20260804T022233Z,d3f167aa-54ef-570d-bd29-f27c9c374670,f84309aa3aa57954,0,1,delivered,live,live,43.45849609375,1,1038,True,True
primary,dbe,control_bench_rodaje_a_p1_c10_20260804T022233Z,bac6a304-836e-554f-969a-6514cf7d34a8,85604a8965cbcefc,1,1,delivered,live,live,44.99658203125,1,1035,False,True
primary,dbe,control_bench_rodaje_a_p1_c11_20260804T022620Z,21c427dc-2336-58c3-bf85-2aa9d60178fc,0e0dc61f953d5c63,0,1,delivered,live,live,30.420654296875,1,1038,True,True
primary,dbe,control_bench_rodaje_a_p1_c12_20260804T023106Z,1278483d-f00a-5652-bf12-5dd437b8c9e6,d0e6d747582d5e3c,0,1,delivered,live,live,40.5087890625,1,1039,True,True
primary,dbe,control_bench_rodaje_a_p2_c01_20260804T023855Z,1623b155-9bd4-57f1-84e9-8fe10e8da05d,c381e7669d50ab33,0,1,delivered,live,live,30.04541015625,1,1033,True,True
primary,dbe,control_bench_rodaje_a_p2_c02_20260804T024957Z,90fb68ab-0175-5dcc-a338-7705cc235e39,c5fb98a6d5ce2600,0,1,delivered,live,live,43.208740234375,1,1035,True,True
primary,dbe,control_bench_rodaje_a_p2_c03_20260804T025253Z,40e18c62-d339-5b23-9ae0-ae4faef038cc,ef399b527245c123,0,1,delivered,live,live,32.874755859375,1,1035,True,True
primary,dbe,control_bench_rodaje_a_p2_c04_20260804T025608Z,671a54fa-fe95-5799-a3e1-26a6480b6994,29835d92637b1898,0,1,delivered,live,live,42.557861328125,1,1033,True,True
primary,dbe,control_bench_rodaje_a_p2_c05_20260804T025910Z,86648a3f-2153-5b02-944f-c4cea74ca2b6,42121e761006d690,0,1,delivered,live,live,30.469970703125,1,1033,True,True
primary,dbe,control_bench_rodaje_a_p2_c05_20260804T025910Z,0ebf79d3-cf84-5d2d-ba62-e2741ace4627,541de211b5ec5359,1,1,delivered,live,live,32.007080078125,1,1041,False,True
primary,dbe,control_bench_rodaje_a_p3_c01_20260804T030039Z,bb826614-66f3-572c-9e99-a9bcb91a85cd,036be8ef5cef59d2,0,1,delivered,live,live,43.18701171875,1,1039,True,True
primary,dbe,control_bench_rodaje_a_p4_c01_20260804T030423Z,ce6846db-5dea-5f68-9cec-5fa8a9d5aafd,cbdd22b19a1ac484,0,1,delivered,live,live,38.683837890625,1,1038,True,True
primary,dbe,control_bench_rodaje_a_p4_c02_20260804T030648Z,c0de6684-976c-5142-b8dd-27deac9e7851,221533447f0857ae,0,1,delivered,live,live,34.46875,1,1037,True,True
primary,dbe,control_bench_rodaje_a_p6_c01_20260804T031712Z,b36d25ed-ef81-5781-b794-ac042cc94172,33b8a1898c593258,0,1,delivered,live,live,42.68212890625,1,1039,True,True
primary,dbe,control_bench_rodaje_a_p6_c01_20260804T031712Z,4f0ad1a4-b414-598f-bee8-78c3b53b7d1e,4173d952d3c29729,1,1,delivered,live,live,43.9912109375,1,1032,False,True
primary,dbe,control_bench_rodaje_a_p6_c02_20260804T032132Z,24a3244c-b6a6-5def-babb-9189c6f61f00,4e63f0b23a6d62d9,0,1,delivered,live,live,41.309326171875,1,1039,True,True
primary,dbe,control_bench_rodaje_a_p6_c02_20260804T032132Z,b01c1b6a-32d4-5d9f-b388-23e4f363a6bb,ce3044ae3455b17d,1,1,delivered,live,live,42.761962890625,1,1035,False,True
primary,dbe,control_bench_rodaje_a_p7_c01_20260804T032419Z,cda084e3-4267-564a-aacd-adf897ca5c9a,d53ddfb7c3561b9d,0,1,delivered,live,live,40.7705078125,1,1038,True,True
primary,dbe,control_bench_rodaje_a_p7_c02_20260804T032654Z,e59a3569-b3a7-5f2c-b7e1-92c08700748a,7f2ed761a9841683,0,1,delivered,live,live,33.242431640625,1,1037,True,True
primary,dbe,control_bench_rodaje_a_p7_c02_20260804T032654Z,ad38cb9a-2180-50cc-a710-201784dc1a04,f8a7836db184ed04,1,1,delivered,live,live,35.269287109375,1,1036,False,True
primary,dbe,control_bench_rodaje_a_p7_c03_20260804T032925Z,4afd727a-8c5e-566f-87fb-ef9c89967131,2b3e85b4ef37f954,0,1,delivered,live,live,39.8828125,1,1040,True,True
primary,dbe,control_bench_rodaje_a_p7_c03_20260804T032925Z,4f244641-47ad-56b1-97d6-e4ee16ff8b98,085139cf9c37ed2e,1,0,suppressed_cooldown,live,,,0,,False,False
primary,dbe,control_bench_rodaje_a_p7_c04_20260804T033156Z,8164a17f-69e5-5885-89a2-4bd51c28e536,b1b5bf1ae7e46854,0,1,delivered,live,live,29.03125,1,1038,True,True
primary,dbe,control_bench_rodaje_a_p8_c01_20260804T033537Z,f0816b5c-3a46-58b8-9051-30086814f032,478fabbb0c7f123e,0,1,delivered,live,live,42.302978515625,1,1038,True,True
primary,dbe,control_bench_rodaje_a_p8_c01_20260804T033537Z,5ab72760-322c-5782-82be-faa022b1c507,11817e8758b9e302,1,1,delivered,live,live,44.802734375,1,1034,False,True
primary,dbe,control_bench_rodaje_a_p9_c01_20260804T033742Z,2a65a687-6ebf-5e02-929e-146e9989e2fe,67402259f7f0d4a1,0,1,delivered,live,live,30.009765625,1,1039,True,True
primary,dbe,control_bench_rodaje_a_p9_c02_20260804T033941Z,528222bb-8ddb-57c1-9a65-04a6edd16b8c,7f0620d0acda3f67,0,1,delivered,live,live,45.58837890625,1,1039,True,True
primary,dbe,control_bench_rodaje_a_p9_c02_20260804T033941Z,51b25a8d-5719-5977-a153-e81d6eff16e9,e95acf5ae3df3807,1,0,suppressed_cooldown,live,,,0,,False,False
primary,dbe,control_bench_rodaje_a_p9_c03_20260804T034130Z,9a4f7957-1930-50f3-ac99-531440edd36d,22522399402b902b,0,1,delivered,live,live,32.43017578125,1,1038,True,True
primary,dbe,control_bench_rodaje_a_p9_c06_20260804T034322Z,bb36a8d9-1ea7-5791-906f-4b5a37dbcb09,5b762b2343ed5df6,0,1,delivered,live,live,41.612060546875,1,1036,True,True
primary,dbe,control_bench_rodaje_a_p9_c08_20260804T034507Z,4751992c-ecca-503d-ab6f-bbc4a5ccfc40,0323d6c128418b4c,0,1,delivered,live,live,33.381103515625,1,1039,True,True
primary,dbe,control_d1_edir_a_p1_c02_20260804T060925Z,cdd5d335-a8ca-531a-a195-f1e454fb9e4a,4df4c22c40af8c43,0,1,delivered,live,live,41.033447265625,1,1024,True,True
primary,dbe,control_d1_edir_a_p1_c02_20260804T060925Z,3273b50d-4b8a-5469-a7d8-878ad88c40a7,3117bb1bef2171ab,1,0,suppressed_cooldown,live,,,0,,False,False
primary,dbe,control_d1_edir_a_p1_c03_20260804T061100Z,6a7301db-19f9-5f4e-91c4-d1478372f184,71116a17eca6967c,0,1,delivered,live,live,30.7578125,1,1026,True,True
primary,dbe,control_d1_edir_a_p1_c04_20260804T152247Z,8d7c0f2f-f8b7-5493-9594-762dddba680c,aa4dddcc1e72a5cd,0,1,delivered,live,live,41.605712890625,1,1026,True,True
primary,dbe,control_d1_edir_a_p1_c05_20260804T152418Z,830325cb-0197-5e89-959f-1666333706bf,2d13311b928e6e14,0,1,delivered,live,live,30.385986328125,1,1025,True,True
primary,dbe,control_d1_edir_a_p1_c06_20260804T152558Z,660603d0-502c-5bf6-9800-dd9c6308800b,bf623630a389f60c,0,1,delivered,live,live,40.841064453125,1,1024,True,True
primary,dbe,control_d1_edir_a_p1_c07_20260804T152721Z,4b678827-ac18-5d06-8fb1-9f0628d9d2cd,cd55493f1db2f65d,0,1,delivered,live,live,32.776123046875,1,1024,True,True
primary,dbe,control_d1_edir_a_p1_c07_20260804T152721Z,0ba3ef35-c1a5-5d04-b6c4-1c1dfa386a29,ed3ba58b7440ea32,1,0,suppressed_cooldown,live,,,0,,False,False
primary,dbe,control_d1_edir_a_p1_c08_20260804T152858Z,3560220c-7284-5cd1-b6ab-63332b343916,a22fbbd8bcb57604,0,1,delivered,live,live,43.530029296875,1,1026,True,True
primary,dbe,control_d1_edir_a_p1_c09_20260804T153036Z,8b73937f-05b2-5c8f-bc1b-ff9de6ca8928,8228e44a36ff86c5,0,1,delivered,live,live,33.0458984375,1,1022,True,True
primary,dbe,control_d1_edir_a_p1_c09_20260804T153036Z,03f8a2fb-43a7-5031-8715-2504518e59d5,80c83cf99a8505cc,1,0,suppressed_cooldown,live,,,0,,False,False
primary,dbe,control_d1_edir_a_p1_c10_20260804T153231Z,6a1d9f5f-d41e-53aa-aeea-726d5483f39a,da70205473a49073,0,1,delivered,live,live,41.67822265625,1,1024,True,True
primary,dbe,control_d1_edir_a_p1_c10_20260804T153231Z,42282c6c-75dc-5b3e-b66a-11aefe444ea9,4a6be9803a7f24e2,1,0,suppressed_cooldown,live,,,0,,False,False
primary,dbe,control_d1_edir_a_p1_c11_20260804T153420Z,b23c200b-a17f-5c50-a3a2-9627eb520865,a0225a0572d932b5,0,1,delivered,live,live,27.766357421875,1,1027,True,True
primary,dbe,control_d1_edir_a_p1_c11_20260804T153420Z,3d17bb2d-cbb6-5405-80cf-a40a4fe1e6c1,0c21b1433eabd2ba,1,0,suppressed_cooldown,live,,,0,,False,False
primary,dbe,control_d1_edir_a_p1_c12_20260804T153604Z,2b81ce83-25ba-5074-b765-74549f50d8a5,c3353d5ade350dc0,0,1,delivered,live,live,36.559814453125,1,1026,True,True
primary,dbe,control_d1_edir_a_p1_c12_20260804T153604Z,efc84f9f-b908-5c00-b1e6-4e0a1585aabf,db5944429045dd6c,1,0,suppressed_cooldown,live,,,0,,False,False
primary,dbe,control_d1_edir_a_p2_c01_20260804T153831Z,d7696c28-599e-5db3-b31f-fde40d5716f1,7c2b8e83152126b1,0,1,delivered,live,live,39.526611328125,1,1025,True,True
primary,dbe,control_d1_edir_a_p2_c01_20260804T153831Z,182da29c-9595-5408-9abc-b1dc01d91c24,70f999406f670e68,1,0,suppressed_cooldown,live,,,0,,False,False
primary,dbe,control_d1_edir_a_p2_c02_20260804T154108Z,8c5895d1-2447-5443-a1a3-eaa566b2efc0,fcf819f6270a1e25,0,1,delivered,live,live,41.03173828125,1,1025,True,True
primary,dbe,control_d1_edir_a_p2_c02_20260804T154108Z,ad20b635-6caf-5f14-9dd8-d870611adf0d,ba7b02ec47794e3c,1,0,suppressed_cooldown,live,,,0,,False,False
primary,dbe,control_d1_edir_a_p2_c04_20260804T154634Z,c3481f4a-3d55-57c7-af31-f33d47100e65,5246453b2e8468d8,0,1,delivered,live,live,40.04248046875,1,1026,True,True
primary,dbe,control_d1_edir_a_p2_c05_20260804T154914Z,1d7bada7-4acd-5593-8563-f2d87cfee2c7,be7ef15d843a18ac,0,1,delivered,live,live,39.2060546875,1,1027,True,True
primary,dbe,control_d1_edir_a_p2_c05_20260804T154914Z,800d8c5e-a954-59d6-874c-ae60c40c7de5,6e118550f8a4cbc8,1,0,suppressed_cooldown,live,,,0,,False,False
primary,dbe,control_d1_edir_a_p2_c05_20260804T154914Z,419ccf59-3e72-559e-8cc1-6b4e2c2aaa12,791c397a0c5b91f8,2,1,delivered,live,live,40.64013671875,1,1025,False,True
primary,dbe,control_d1_edir_a_p3_c01_20260804T155029Z,3ab38fcb-f356-5583-8ef0-17c060fe66eb,6bdd50974e9579a9,0,1,delivered,live,live,42.105712890625,1,1027,True,True
primary,dbe,control_d1_edir_a_p3_c02_20260804T155144Z,a71f3086-cadf-54ad-88f4-76c8074ae152,848ff1a989d61b45,0,1,delivered,live,live,39.70849609375,1,1025,True,True
primary,dbe,control_d1_edir_a_p3_c02_20260804T155144Z,a116d0c8-571a-5e11-87ad-6cca01b1a1c2,47cfdd77f380cc94,1,0,suppressed_cooldown,live,,,0,,False,False
primary,dbe,control_d1_edir_a_p4_c01_20260804T155343Z,ae0a103b-716b-5c0b-818a-51a862a96cef,6e1afdcb568dc0a5,0,1,delivered,live,live,41.20703125,1,1026,True,True
primary,dbe,control_d1_edir_a_p4_c02_20260804T155549Z,32740cd7-c40f-509d-8fe8-9ccab2edb955,cce8aa81b7f6b5ba,0,1,delivered,live,live,39.395263671875,1,1028,True,True
primary,dbe,control_d1_edir_a_p6_c01_20260804T160450Z,025676e2-0e28-5b58-ace1-0a8a42badf00,939e7419c339658b,0,1,delivered,live,live,42.0048828125,1,1025,True,True
primary,dbe,control_d1_edir_a_p6_c01_20260804T160450Z,295341c3-9f44-5bdf-82d0-ae40741f4ea3,c2f3b0cfbabd5e73,1,0,suppressed_cooldown,live,,,0,,False,False
primary,dbe,control_d1_edir_a_p6_c02_20260804T160835Z,a61d8922-6a8e-5055-926f-d09822b4c31c,890f7272f5c24902,0,1,delivered,live,live,38.6572265625,1,1022,True,True
primary,dbe,control_d1_edir_a_p6_c02_20260804T160835Z,fb4ce0b9-8b59-5378-8dfb-bda22a40f1b5,3da454b4700c4e20,1,0,suppressed_cooldown,live,,,0,,False,False
primary,dbe,control_d1_edir_a_p6_c02_20260804T160835Z,2962c01f-78de-5bd3-9e47-3ae30ff3e849,f5a363a1c7dc1383,2,1,delivered,live,live,40.89453125,1,1025,False,True
primary,dbe,control_d1_edir_a_p6_c02_20260804T160835Z,74b3f48f-a933-5816-9980-d7585f11115b,327702647c68ddce,3,0,suppressed_cooldown,live,,,0,,False,False
primary,dbe,control_d1_edir_a_p7_c02_20260804T161313Z,6c04c38d-4607-59e8-8e13-38030f77a7ec,1c983957abe0da69,0,1,delivered,live,live,40.021728515625,1,1027,True,True
primary,dbe,control_d1_edir_a_p8_c01_20260804T162044Z,6a17d844-b526-5879-9169-24e1e87e300d,c1c0e71aa3163088,0,1,delivered,live,live,28.739013671875,1,1027,True,True
primary,dbe,control_d1_edir_a_p8_c01_20260804T162044Z,f23e69f4-1728-5fe8-b19c-84323029a37a,0663177973743c7a,1,1,delivered,live,live,31.0263671875,1,1026,False,True
primary,dbe,control_d1_edir_a_p9_c01_20260804T162231Z,07935d36-1694-5cf1-97c4-840ed3d823f7,b9e005181728989c,0,1,delivered,live,live,40.089599609375,1,1025,True,True
primary,dbe,control_d1_edir_a_p9_c02_20260804T162414Z,93dad021-dfca-5179-b8d7-4d9cabb8e4e5,a81d6d89fc37e71b,0,1,delivered,live,live,33.5244140625,1,1025,True,True
primary,dbe,control_d1_edir_a_p9_c03_20260804T162549Z,16aae76e-00f7-54de-aee9-ec5e00a9ba8a,57b05624d8562c1e,0,1,delivered,live,live,41.820068359375,1,1026,True,True
primary,dbe,control_d1_edir_a_p9_c03_20260804T162549Z,5b1c0c3e-7b08-508a-a128-07b316df6697,faf5044fd943aed7,1,0,suppressed_cooldown,live,,,0,,False,False
primary,dbe,control_d1_edir_a_p9_c06_20260804T162728Z,730f9697-2234-5030-b324-69562291f5ed,2cc2fadfe0c4533d,0,1,delivered,live,live,29.818115234375,1,1025,True,True
primary,dbe,control_d1_edir_a_p9_c06_20260804T162728Z,1550a72f-7516-5321-8a64-62255e74fd81,ab8095102834654f,1,0,suppressed_cooldown,live,,,0,,False,False
primary,dbe,control_d1_edir_a_p9_c08_20260804T162905Z,17974414-ed99-58fd-8afb-26f397f718a3,4f4c257ac9575f66,0,1,delivered,live,live,40.677978515625,1,1027,True,True
primary,dbe,control_g1_subject_a_p1_c02_20260804T190710Z,bbc4c9d8-eac5-5845-9f3c-74060d6029f0,c0ab0a5531947147,0,1,delivered,live,live,29.59912109375,1,1069,True,True
primary,dbe,control_g1_subject_a_p1_c02_20260804T190710Z,7e22398e-8364-54a8-97db-86680cfcfb57,8cdd7484decf2063,1,0,suppressed_cooldown,live,,,0,,False,False
primary,dbe,control_g1_subject_a_p1_c03_20260804T190710Z,3674eb4e-fff2-50c7-9caa-113b4f34ad25,b10fc93fb2ef243b,0,1,delivered,live,live,65.15087890625,1,1072,True,True
primary,dbe,control_g1_subject_a_p1_c04_20260804T190711Z,8beed5cd-7f6b-5f2e-8a5a-8fa1ecb083df,717328c38a68421b,0,1,delivered,live,live,31.584228515625,1,1072,True,True
primary,dbe,control_g1_subject_a_p1_c05_20260804T190712Z,bf00dc4b-bc50-5396-9944-7630dfe21f20,28fd8c06b35dc12a,0,1,delivered,live,live,41.392578125,1,1070,True,True
primary,dbe,control_g1_subject_a_p1_c06_20260804T190712Z,2ced3c27-65d6-5477-a635-08cc5b243c71,7a2fbbcd9c4e1250,0,1,delivered,live,live,29.4716796875,1,1072,True,True
primary,dbe,control_g1_subject_a_p1_c06_20260804T190712Z,07e114d3-fa2b-5186-a0d9-92c1a79fc336,51e97f0e0a53fd4c,1,0,suppressed_cooldown,live,,,0,,False,False
primary,dbe,control_g1_subject_a_p1_c07_20260804T190713Z,0ef9b286-9218-51b8-9bb9-09366abc6c07,9b40a74160b77fa8,0,1,delivered,live,live,40.104248046875,1,1072,True,True
primary,dbe,control_g1_subject_a_p1_c08_20260804T190714Z,8f142587-792b-5dc3-bb55-54c6ab7fdc7f,5fd9c7de9b15ca9f,0,1,delivered,live,live,31.5,1,1072,True,True
primary,dbe,control_g1_subject_a_p1_c08_20260804T190714Z,fe35f471-1323-5e33-bb24-3a9e56820856,420620308893e1e7,1,0,suppressed_cooldown,live,,,0,,False,False
primary,dbe,control_g1_subject_a_p1_c09_20260804T190714Z,d373bf19-2743-5500-93d4-6d5603eebc71,d649423c447c5a75,0,1,delivered,live,live,45.4951171875,1,1072,True,True
primary,dbe,control_g1_subject_a_p1_c10_20260804T190715Z,bdc4b0d3-4c9a-5c00-9742-307217b4786f,1057d78c9a43c9b7,0,1,delivered,live,live,36.23291015625,1,1071,True,True
primary,dbe,control_g1_subject_a_p1_c11_20260804T190716Z,6720a6ed-38ff-594a-8aa8-ffe465213b8b,72034c515f29b5ba,0,1,delivered,live,live,39.8623046875,1,1073,True,True
primary,dbe,control_g1_subject_a_p1_c12_20260804T190717Z,71f52e47-700a-51e8-b8f3-7d92dda88402,d8c270d669245340,0,1,delivered,live,live,29.572509765625,1,1071,True,True
primary,dbe,control_g1_subject_a_p2_c01_20260804T190717Z,3f3442cf-62f3-5cce-a251-cd14c16d1ad6,dd330d5209ee126c,0,1,delivered,live,live,37.01708984375,1,1068,True,True
primary,dbe,control_g1_subject_a_p2_c01_20260804T190717Z,c849ffbd-878e-5e5a-abf5-43ef6222b0bb,022a242c3e8e9ef8,1,0,suppressed_cooldown,live,,,0,,False,False
primary,dbe,control_g1_subject_a_p2_c02_20260804T190718Z,a7d78b87-4a49-5427-bfe6-856f12c5acad,245cc25efae621f9,0,1,delivered,live,live,34.74755859375,1,1066,True,True
primary,dbe,control_g1_subject_a_p2_c03_20260804T190719Z,2cd95829-eeaf-5daf-92b9-4d8e9f186db2,9a8d72eabeb6e83a,0,1,delivered,live,live,41.33740234375,1,1067,True,True
primary,dbe,control_g1_subject_a_p2_c04_20260804T190720Z,471244d1-5e6e-5d66-a822-1c5e342538b1,d7b281f35e7c2b64,0,1,delivered,live,live,30.70849609375,1,1069,True,True
primary,dbe,control_g1_subject_a_p2_c04_20260804T190720Z,cf75b4b7-b2c8-50df-ab00-005b58d3df07,a82888f9a44356fb,1,0,suppressed_cooldown,live,,,0,,False,False
primary,dbe,control_g1_subject_a_p2_c05_20260804T190720Z,bca8383c-d549-5d4e-84db-c15b2197d05d,4ef2d0cfdf88d9c2,0,1,delivered,live,live,43.91259765625,1,1067,True,True
primary,dbe,control_g1_subject_a_p2_c05_20260804T190720Z,82ec47f8-d113-5389-beb0-567bf5ff4ae5,0bb36e23378f8f45,1,1,delivered,live,live,45.927001953125,1,1074,False,True
primary,dbe,control_g1_subject_a_p2_c05_20260804T190720Z,1700e757-a821-5516-8e64-783266208f04,a7c85a602e49c66b,2,0,suppressed_cooldown,live,,,0,,False,False
primary,dbe,control_g1_subject_a_p4_c01_20260804T190722Z,e3800fcb-ecc9-5cc5-90da-dcd8f19ee0b6,02cecb17cedbf33d,0,1,delivered,live,live,40.73095703125,1,1073,True,True
primary,dbe,control_g1_subject_a_p4_c02_20260804T190723Z,e737e4d5-5b40-5394-9849-17bd96a34200,a36c4dfac7ad39ba,0,1,delivered,live,live,41.78076171875,1,1072,True,True
primary,dbe,control_g1_subject_a_p6_c01_20260804T190725Z,1889e8fc-9bf4-5e20-b4c8-912232465b00,ca5e90d29f7c0207,0,1,delivered,live,live,39.5966796875,1,1073,True,True
primary,dbe,control_g1_subject_a_p6_c01_20260804T190725Z,9cc50309-116d-52b0-9199-057b5fbcc005,0f337c76eb1ce7a8,1,1,delivered,live,live,41.162109375,1,1069,False,True
primary,dbe,control_g1_subject_a_p6_c01_20260804T190725Z,14734930-337b-5022-8a61-1a4f32b4dacd,cf6bdd177dd71988,2,0,suppressed_cooldown,live,,,0,,False,False
primary,dbe,control_g1_subject_a_p6_c01_20260804T190725Z,a03cbaa0-9986-5d39-b899-db6796be5cef,b194d331a3a02df2,3,0,suppressed_cooldown,live,,,0,,False,False
primary,dbe,control_g1_subject_a_p6_c02_20260804T190726Z,da71c99c-5e74-53c1-aaa0-c80a3a5d341d,f1b17a8e8999da70,0,1,delivered,live,live,41.558837890625,1,1073,True,True
primary,dbe,control_g1_subject_a_p6_c02_20260804T190726Z,aed85eb0-1cfa-515a-a8d7-8b80798443c6,809f82b5e22d438d,1,1,delivered,live,live,42.915283203125,1,1065,False,True
primary,dbe,control_g1_subject_a_p6_c02_20260804T190726Z,b94ec3bc-6e19-5c8a-b3e3-a084f078ea92,11acbd5bfc737248,2,0,suppressed_cooldown,live,,,0,,False,False
primary,dbe,control_g1_subject_a_p7_c01_20260804T190727Z,95761e89-1b51-5b0d-a47d-f0e4c8d82762,1590dc051bdb7c1d,0,1,delivered,live,live,41.1845703125,1,1073,True,True
primary,dbe,control_g1_subject_a_p7_c02_20260804T190728Z,adbf7024-fbea-51c6-be46-0924ec4f0522,2eccb34455289ae0,0,1,delivered,live,live,41.780517578125,1,1074,True,True
primary,dbe,control_g1_subject_a_p7_c02_20260804T190728Z,7d54cb1b-6301-57bc-ad1f-86dc08267772,e3a5c78a52c6a420,1,1,delivered,live,live,43.29345703125,1,1069,False,True
primary,dbe,control_g1_subject_a_p7_c03_20260804T190729Z,1205212a-b23a-54b0-b974-1164ac0fe9ef,e3f1d29eedabb8d5,0,1,delivered,live,live,31.982421875,1,1072,True,True
primary,dbe,control_g1_subject_a_p7_c03_20260804T190729Z,818bdaec-6982-58af-92c1-dad5bb6bf061,07ee34cd5a9aa3a5,1,0,suppressed_cooldown,live,,,0,,False,False
primary,dbe,control_g1_subject_a_p7_c03_20260804T190729Z,9d828188-5c60-572c-85ac-f567132c886a,e5110fdc2bf1f377,2,0,suppressed_cooldown,live,,,0,,False,False
primary,dbe,control_g1_subject_a_p7_c04_20260804T190730Z,28b6435e-ffcc-587c-84db-479465b72f90,ffec11dd5e04656f,0,1,delivered,live,live,39.4228515625,1,1072,True,True
primary,dbe,control_g1_subject_a_p8_c01_20260804T190730Z,8aa7afdc-4adf-5eae-a0bf-df119f2b6a49,a74cda1ccd0fcb49,0,1,delivered,live,live,29.4921875,1,1072,True,True
primary,dbe,control_g1_subject_a_p8_c01_20260804T190730Z,25d94429-0d4b-5019-933a-f102310a1ee8,cf18389b23f84531,1,0,suppressed_cooldown,live,,,0,,False,False
primary,dbe,control_g1_subject_a_p8_c01_20260804T190730Z,f92c7e71-606c-5d21-b28d-ce8d5937b7eb,fb69e070854ee69b,2,1,delivered,live,live,31.6259765625,1,1069,False,True
primary,dbe,control_g1_subject_a_p9_c01_20260804T190731Z,6b13042c-dc8c-5437-babe-b110193074c4,b02eafa2400618ef,0,1,delivered,live,live,41.237060546875,1,1072,True,True
primary,dbe,control_g1_subject_a_p9_c02_20260804T190732Z,a82cbabb-77bb-5d21-ab72-d359ca706464,af507116313ab368,0,1,delivered,live,live,76.021728515625,1,1072,True,True
primary,dbe,control_g1_subject_a_p9_c03_20260804T190732Z,978a26d5-bfb0-59b4-ac78-1dc5717ddcf8,21683cfd280902a1,0,1,delivered,live,live,42.054931640625,1,1073,True,True
primary,dbe,control_g1_subject_a_p9_c06_20260804T190733Z,29d37900-19a1-51f5-8058-c4155a34bdc8,3cd080da8e2b34ac,0,1,delivered,live,live,30.50048828125,1,1073,True,True
primary,dbe,control_g1_subject_a_p9_c08_20260804T190734Z,ea57de1b-2314-55e1-8005-5401bc5bc82b,148838764fc435a1,0,1,delivered,live,live,42.991455078125,1,1072,True,True
primary,dbe,control_h1_hybor_a_p1_c02_20260804T165142Z,6278d2b9-deb5-59a9-a713-4cd457789f2d,42ff9fdf7644d6ec,0,1,delivered,live,live,31.494140625,1,1034,True,True
primary,dbe,control_h1_hybor_a_p1_c02_20260804T165142Z,f4ff8acd-406f-5c3e-a9c8-08d7bd69d5b4,af9815e79625dc83,1,0,suppressed_cooldown,live,,,0,,False,False
primary,dbe,control_h1_hybor_a_p1_c03_20260804T165143Z,4a4d4696-1efe-50ad-9931-a31b14c4c131,f3fea526ff1a9087,0,1,delivered,live,live,43.97021484375,1,1035,True,True
primary,dbe,control_h1_hybor_a_p1_c04_20260804T165143Z,761c8b97-85ae-52a1-b17b-b2d909eb671b,9784b9d519ddfa5c,0,1,delivered,live,live,33.420166015625,1,1035,True,True
primary,dbe,control_h1_hybor_a_p1_c05_20260804T165144Z,a1a64caf-76f8-52ba-b300-dd4fdac7240b,b0c356f738dd09f2,0,1,delivered,live,live,41.129150390625,1,1033,True,True
primary,dbe,control_h1_hybor_a_p1_c06_20260804T165145Z,f4dbf6e6-86fa-5b22-bdc3-10cfc6f891e9,4fd925a0e3e3a239,0,1,delivered,live,live,28.3603515625,1,1034,True,True
primary,dbe,control_h1_hybor_a_p1_c07_20260804T165146Z,aeb6ca81-238d-5a9d-bbf4-e18f90067800,8d44aa704f6387b6,0,1,delivered,live,live,39.7392578125,1,1034,True,True
primary,dbe,control_h1_hybor_a_p1_c08_20260804T165146Z,5d8b9b58-953c-5061-9d65-c3909c2bee47,b0c00436a7891769,0,1,delivered,live,live,33.64208984375,1,1033,True,True
primary,dbe,control_h1_hybor_a_p1_c09_20260804T165147Z,d7fc7361-f308-5345-ab95-b4d438cdd050,938a3a0afd2f69df,0,1,delivered,live,live,40.470703125,1,1024,True,True
primary,dbe,control_h1_hybor_a_p1_c10_20260804T165148Z,a9607d53-cccc-55d2-bd5d-0571cce882e8,0437b3afa4086223,0,1,delivered,live,live,31.455078125,1,1033,True,True
primary,dbe,control_h1_hybor_a_p1_c11_20260804T165148Z,9d41d404-2c38-560e-b2ea-e26c664e594a,847ddf971ece7cab,0,1,delivered,live,live,42.72900390625,1,1035,True,True
primary,dbe,control_h1_hybor_a_p1_c12_20260804T165149Z,0bb0629a-20b7-56ff-b8d2-fd779197196a,b42ed2dc766b8d3c,0,1,delivered,live,live,31.552978515625,1,1027,True,True
primary,dbe,control_h1_hybor_a_p2_c01_20260804T165150Z,3c13fef5-cdfe-5647-813d-dfef6f7fbf01,d698aead8b209dc3,0,1,delivered,live,live,39.15966796875,1,1027,True,True
primary,dbe,control_h1_hybor_a_p2_c01_20260804T165150Z,cc9e0d79-66b2-5f17-91e8-860bdf511e7a,c61a10b1f81aa857,1,1,delivered,live,live,41.214599609375,1,1030,False,True
primary,dbe,control_h1_hybor_a_p2_c01_20260804T165150Z,f8c84bef-90c1-562c-af78-de67cf06a5d5,2ae3fb475a78ac15,2,0,suppressed_cooldown,live,,,0,,False,False
primary,dbe,control_h1_hybor_a_p2_c01_20260804T165150Z,7dc7a07e-d539-572e-86ad-37d7d7c95238,f00d83e2b68c7fff,3,0,suppressed_cooldown,live,,,0,,False,False
primary,dbe,control_h1_hybor_a_p2_c02_20260804T165151Z,2a93de56-6575-5182-acb1-c7282532d7d4,85140feee96b732e,0,1,delivered,live,live,43.22412109375,1,1029,True,True
primary,dbe,control_h1_hybor_a_p2_c02_20260804T165151Z,3f47af22-0498-550b-a7ac-35260a4c80cb,466e06186ad0947c,1,1,delivered,live,live,45.789794921875,1,1027,False,True
primary,dbe,control_h1_hybor_a_p2_c02_20260804T165151Z,71d5d985-88a2-5bbb-bab9-178952d90166,3f3ca09bcb273aa2,2,0,suppressed_cooldown,live,,,0,,False,False
primary,dbe,control_h1_hybor_a_p2_c03_20260804T165151Z,7bcb51a8-7db7-5eb6-8a72-d3118b0b2330,96441cebd3629ed9,0,1,delivered,live,live,39.790771484375,1,1034,True,True
primary,dbe,control_h1_hybor_a_p2_c03_20260804T165151Z,cd4c3b18-3c48-5b87-8896-aa167b7ba0d5,a4fd142f67073a0e,1,1,delivered,live,live,41.521240234375,1,1029,False,True
primary,dbe,control_h1_hybor_a_p2_c03_20260804T165151Z,caa76ce4-15d0-5d75-bd9e-e15346226bd1,622ab1d36da1bd38,2,0,suppressed_cooldown,live,,,0,,False,False
primary,dbe,control_h1_hybor_a_p2_c04_20260804T165152Z,884d15ce-62c1-53ae-918b-631e56cdaec7,a43b0353028590f1,0,1,delivered,live,live,28.987548828125,1,1036,True,True
primary,dbe,control_h1_hybor_a_p2_c04_20260804T165152Z,cd4d1e9f-fe0d-5284-a534-ef11e9375025,46aaeacc3ad03492,1,1,delivered,live,live,30.559814453125,1,1031,False,True
primary,dbe,control_h1_hybor_a_p2_c04_20260804T165152Z,70492f05-cdd5-5128-9337-a894eb826d48,6e05603f34da044f,2,0,suppressed_cooldown,live,,,0,,False,False
primary,dbe,control_h1_hybor_a_p2_c04_20260804T165152Z,588bc9fc-57c8-51ec-81a7-706110bfec77,0db8133003453d43,3,1,delivered,live,live,32.0478515625,1,1027,False,True
primary,dbe,control_h1_hybor_a_p2_c05_20260804T165153Z,c21b3b4a-ad25-591d-b17c-391da66d5b23,bd240b58792fa0cc,0,1,delivered,live,live,39.851318359375,1,1027,True,True
primary,dbe,control_h1_hybor_a_p2_c05_20260804T165153Z,92da7a7a-1a65-5286-aee8-8d8f3de79b40,621ddd3ac1eb5f6a,1,0,suppressed_cooldown,live,,,0,,False,False
primary,dbe,control_h1_hybor_a_p2_c05_20260804T165153Z,3ab74d32-88a9-5f66-9f63-9e31b84ba271,277730c8d87a6ddf,2,1,delivered,live,live,41.54833984375,1,1029,False,True
primary,dbe,control_h1_hybor_a_p2_c05_20260804T165153Z,c1c76580-09db-55f8-9b7a-97fe968b732d,a52e9d86ff26c339,3,0,suppressed_cooldown,live,,,0,,False,False
primary,dbe,control_h1_hybor_a_p2_c05_20260804T165153Z,3e6d5fd3-1454-53f6-9577-a46400edbe76,049adacf23fc96c3,4,0,suppressed_cooldown,live,,,0,,False,False
primary,dbe,control_h1_hybor_a_p3_c01_20260804T165154Z,469d8ea4-41f5-51a2-bd74-7c81e85ed2f4,381c7af28f36d6f6,0,1,delivered,live,live,56.8984375,1,1036,True,True
primary,dbe,control_h1_hybor_a_p3_c02_20260804T165154Z,0b53805c-ac6e-5d1c-ba81-bd445e226f49,cbc05705acc98d10,0,1,delivered,live,live,46.43798828125,1,1027,True,True
primary,dbe,control_h1_hybor_a_p3_c02_20260804T165154Z,e992764f-181d-5c4c-83e0-6060feed9acc,deac29d9a6223c0c,1,0,suppressed_cooldown,live,,,0,,False,False
primary,dbe,control_h1_hybor_a_p4_c01_20260804T165155Z,1b2e7491-d130-5808-b9d5-3187db29cfb4,8226807084129ed2,0,1,delivered,live,live,40.10595703125,1,1033,True,True
primary,dbe,control_h1_hybor_a_p4_c02_20260804T165156Z,fffdef7c-b3a9-5b23-addd-ce4d393d865f,f182b16c1c53fd18,0,1,delivered,live,live,55.05322265625,1,1033,True,True
primary,dbe,control_h1_hybor_a_p6_c01_20260804T165158Z,2f53d097-4f29-5e29-ba25-c98d714669a9,278832f65b0ffc7f,0,1,delivered,live,live,41.156982421875,1,1034,True,True
primary,dbe,control_h1_hybor_a_p6_c01_20260804T165158Z,cf5d9e5f-f518-5307-9564-184d7ea172c0,8003dc2b79d72d13,1,1,delivered,live,live,43.334228515625,1,1030,False,True
primary,dbe,control_h1_hybor_a_p6_c01_20260804T165158Z,c4ad901d-5bb0-5e9a-9ec6-b114b84aa640,b9d6ae09b30438fb,2,0,suppressed_cooldown,live,,,0,,False,False
primary,dbe,control_h1_hybor_a_p6_c02_20260804T165159Z,620307fa-8108-5210-9af3-03473504f5b7,1e0cf8adfdf739f4,0,1,delivered,live,live,28.657470703125,1,1033,True,True
primary,dbe,control_h1_hybor_a_p6_c02_20260804T165159Z,83dc16c9-e20f-506f-94c8-5ee39a06d68c,c9f992873598c0a4,1,1,delivered,live,live,30.8046875,1,1028,False,True
primary,dbe,control_h1_hybor_a_p6_c02_20260804T165159Z,cc80741c-a169-582d-b587-f837f9cca542,8af83475693ae5a4,2,0,suppressed_cooldown,live,,,0,,False,False
primary,dbe,control_h1_hybor_a_p7_c01_20260804T165200Z,ce325769-5d54-5ccf-8846-eaf6d2873a47,ed3f17cdbb47f406,0,1,delivered,live,live,41.2255859375,1,1033,True,True
primary,dbe,control_h1_hybor_a_p7_c02_20260804T165201Z,60e03727-cf41-5a36-bcaa-7afc0793029d,63fca3f9a107d078,0,1,delivered,live,live,30.797119140625,1,1034,True,True
primary,dbe,control_h1_hybor_a_p7_c02_20260804T165201Z,450c8212-cacc-5ea7-9e51-8cc8c10cc9ff,6f1f163aea730226,1,1,delivered,live,live,32.677978515625,1,1032,False,True
primary,dbe,control_h1_hybor_a_p7_c03_20260804T165202Z,f73c4fac-e460-5d72-aa6f-95f5a68680de,7c625f9033844673,0,1,delivered,live,live,41.600830078125,1,1034,True,True
primary,dbe,control_h1_hybor_a_p7_c03_20260804T165202Z,2f57e295-f655-57f2-8b13-9bac1dc980f5,b4114611a923bf12,1,1,delivered,live,live,43.27294921875,1,1032,False,True
primary,dbe,control_h1_hybor_a_p7_c04_20260804T165202Z,5567e049-f51e-5ce0-b5d7-e699b07ae1b0,ccd77cf376ceff6b,0,1,delivered,live,live,29.095703125,1,1034,True,True
primary,dbe,control_h1_hybor_a_p8_c01_20260804T165203Z,96f56cd9-fb3a-55d4-9987-a9230c5fdc41,b5bb82bb3e849176,0,1,delivered,live,live,43.79345703125,1,1035,True,True
primary,dbe,control_h1_hybor_a_p8_c01_20260804T165203Z,ba684b0d-aa6f-5c0b-a7cb-86de00398dee,702dd2a2f00d16e0,1,1,delivered,live,live,45.447021484375,1,1029,False,True
primary,dbe,control_h1_hybor_a_p9_c01_20260804T165204Z,2449a4e2-bd06-5dd4-8e5f-8ebb6607800c,14f37739bcc9333a,0,1,delivered,live,live,32.02001953125,1,1034,True,True
primary,dbe,control_h1_hybor_a_p9_c02_20260804T165205Z,c53f2713-f9d2-53a5-808a-0b9f0a7970b2,544ef69029e3a270,0,1,delivered,live,live,42.84130859375,1,1034,True,True
primary,dbe,control_h1_hybor_a_p9_c03_20260804T165205Z,0e169438-143b-5df1-871f-74820c8aa025,1a35ceebb04221c8,0,1,delivered,live,live,31.490478515625,1,1026,True,True
primary,dbe,control_h1_hybor_a_p9_c06_20260804T165206Z,ce4ae802-9c03-5589-b1c5-7498aa026f19,74a0b221fa80a395,0,1,delivered,live,live,44.134521484375,1,1034,True,True
primary,dbe,control_h1_hybor_a_p9_c08_20260804T165207Z,2931a48c-9d5c-59c5-816b-b45583a5a6ce,ca7200e06ed6d420,0,1,delivered,live,live,31.201171875,1,1034,True,True
primary,dbe,control_internet_scene_v01_c01_20260809T053738Z,bd11f35a-9c0e-5d2f-b82c-61506dfad7ad,b2d3dbdc8cbaba6b,0,1,delivered,live,live,39.121826171875,1,1265,True,True
primary,dbe,control_internet_scene_v01_c01_20260809T053738Z,2824970b-38cc-5612-9795-858363b6f093,9d67ca635e296f55,1,1,delivered,live,live,41.21630859375,1,1142,False,True
primary,dbe,control_internet_scene_v01_c02_20260809T053955Z,72b8f563-4847-5a0d-8cdb-ff5dd30f1a28,f48734bcc9260d83,0,1,delivered,live,live,30.301513671875,1,1145,True,True
primary,dbe,control_internet_scene_v01_c02_20260809T053955Z,8ef9f227-3417-50e6-bc63-04ffa0b57340,059ace9aa37bd5d2,1,1,delivered,live,live,32.124755859375,1,1028,False,True
primary,dbe,control_internet_scene_v02_c01_20260809T054324Z,06d67bc3-7322-58d7-8bf5-c6e844d168fe,366cee523e5adeff,0,1,delivered,live,live,43.8681640625,1,1034,True,True
primary,dbe,control_internet_scene_v02_c01_20260809T054324Z,4759ad2b-f7b9-58ed-9d93-225b44b6a32a,402085159fcc4f11,1,1,delivered,live,live,46.044677734375,1,1141,False,True
primary,dbe,control_internet_scene_v02_c01_20260809T054324Z,b7d005d6-7184-54a7-bbe3-7c76b6b92ce5,01a73846d868ad9e,2,1,delivered,live,live,47.733154296875,1,1033,False,True
primary,dbe,control_internet_scene_v02_c01_20260809T054324Z,c3db0b23-c36d-51d1-99b9-5716718307b9,70e3b982a978b661,3,0,suppressed_cooldown,live,,,0,,False,False
primary,dbe,control_internet_scene_v03_c01_20260809T054457Z,7625b982-d647-56ef-8027-a6609f5faa49,da4200c33a1739d5,0,1,delivered,live,live,31.963623046875,1,1034,True,True
primary,dbe,control_internet_scene_v03_c01_20260809T054457Z,21531248-7ef0-5494-8e2d-a9e1b52ca6bf,20f904f6652676b8,1,1,delivered,live,live,33.392578125,1,1030,False,True
primary,dbe,control_internet_scene_v03_c02_20260809T055218Z,a1994063-3215-523f-9dea-f63366108088,1c81c3d447303093,0,1,delivered,live,live,44.82421875,1,1266,True,True
primary,dbe,control_internet_scene_v03_c02_20260809T055218Z,b106fc04-e65b-556f-90f8-4202a10f02fd,2987d65de0f1b747,1,1,delivered,live,live,47.84130859375,1,1142,False,True
primary,dbe,control_internet_scene_v04_c01_20260809T055342Z,89afd6d9-218a-58ca-977c-8dacc23b4530,36cb0262f5374a68,0,1,delivered,live,live,36.31396484375,1,1379,True,True
primary,dbe,control_internet_scene_v04_c01_20260809T055342Z,0e10e5db-1fe1-509a-8ba4-2d895515b2b4,e5ed22884c3a093e,1,1,delivered,live,live,38.26318359375,1,1141,False,True
primary,dbe,control_internet_scene_v04_c02_20260809T055611Z,06f90583-fe17-5bf9-8ecb-65d79663cc3b,c1c097bdf8d8854c,0,1,delivered,live,live,45.392822265625,1,1148,True,True
primary,dbe,control_internet_scene_v04_c02_20260809T055611Z,2a10048b-471f-5a6e-bf72-4f923821be50,21eb29a166f6bf5b,1,1,delivered,live,live,47.71044921875,1,1030,False,True
primary,dbe,control_internet_scene_v04_c02_20260809T055611Z,394a0f13-4641-5d41-b2df-bec35d2fe065,55d4a5268eea46ef,2,0,suppressed_cooldown,live,,,0,,False,False
primary,dbe,control_internet_scene_v04_c03_20260809T055910Z,9f6eb59f-27d9-5736-96d3-515836c1c4af,34663d7536ad3e61,0,1,delivered,live,live,29.465087890625,1,1033,True,True
primary,dbe,control_internet_scene_v04_c03_20260809T055910Z,ce0e6d5b-5de2-5450-9b09-c0b4922e4c27,75be3a932757955b,1,1,delivered,live,live,31.16064453125,1,1143,False,True
primary,dbe,control_internet_scene_v05_c01_20260809T060656Z,85509aea-1d09-5f5e-94e8-a07da5a0ebb3,b9ed7534281596f5,0,1,delivered,live,live,44.019287109375,1,1031,True,True
primary,dbe,control_internet_scene_v05_c01_20260809T060656Z,9fda2467-3ec4-54c2-82f4-4c462d90059b,cc2db6dcaa5c21c2,1,1,delivered,live,live,45.52294921875,1,1145,False,True
primary,dbe,control_internet_scene_v06_c01_20260809T063637Z,f3af607e-ffac-5745-87f2-d21c329e5c67,9a9af58b2b282acf,0,1,delivered,live,live,35.955810546875,1,1035,True,True
primary,dbe,control_internet_scene_v06_c01_20260809T063637Z,25e8895b-0f12-544b-afb0-48e03dafceb6,1106eaa39d974ce7,1,1,delivered,live,live,38.088134765625,1,1835,False,True
primary,dbe,control_internet_scene_v06_c01_20260809T063637Z,72eda73f-7f08-5379-85cb-61e4897ce09f,5b15708ca426d795,2,1,delivered,live,live,40.016845703125,1,1035,False,True
primary,dbe,control_internet_scene_v07_c01_20260809T063843Z,8e4f8b69-c690-5d05-9d5b-26cf34c488e3,bcb61b65db0041f9,0,1,delivered,live,live,43.42724609375,1,1032,True,True
primary,dbe,control_internet_scene_v07_c01_20260809T063843Z,ac9ca83f-812a-5663-a83d-10edfa8b083d,f225a565bf5cc9ca,1,1,delivered,live,live,45.54638671875,1,1612,False,True
primary,dbe,control_internet_scene_v09_c01_20260809T064154Z,4ab625a7-c47b-5d02-ba36-b2229ff2d377,871810a8445d605c,0,1,delivered,live,live,34.763671875,1,1736,True,True
primary,dbe,control_internet_scene_v09_c01_20260809T064154Z,fc9abffb-65e0-5948-adeb-1ef3c96ef2a4,742011512533e01f,1,1,delivered,live,live,36.392822265625,1,1374,False,True
primary,dbe,control_internet_scene_v10_c01_20260809T064603Z,035fe2b9-105d-560f-91e4-82bf2707742b,6803797da2f7cfbf,0,1,delivered,live,live,42.679443359375,1,1031,True,True
primary,dbe,control_internet_scene_v10_c01_20260809T064603Z,a0fa13b1-21ff-528f-bb27-c5cb7db216f5,20bd44a2ade7c1c6,1,1,delivered,live,live,44.3984375,1,1141,False,True
primary,dbe,control_internet_subject_v01_c01_20260809T064608Z,3d721893-9011-54f8-aaa5-62615d4c5d1c,8770bc1a9309124a,0,1,delivered,live,live,32.7392578125,1,1071,True,True
primary,dbe,control_internet_subject_v01_c01_20260809T064608Z,9ccdf1da-15ec-5fc2-a351-1da1ce01cc0c,404f0cad4b16ee1d,1,0,suppressed_cooldown,live,,,0,,False,False
primary,dbe,control_internet_subject_v01_c01_20260809T064608Z,127401ed-60e9-5285-a84d-b653bc9026a0,1121452e493e8152,2,0,suppressed_cooldown,live,,,0,,False,False
primary,dbe,control_internet_subject_v01_c01_20260809T064608Z,248ddeb2-d5a9-533b-992a-c647f6c30760,a0558eec0ca4bbf5,3,1,delivered,live,live,34.63232421875,1,1067,False,True
primary,dbe,control_internet_subject_v01_c01_20260809T064608Z,53a42c3c-4f40-515b-a4f5-9510cd238e9e,f3aeaa86743a155b,4,0,suppressed_cooldown,live,,,0,,False,False
primary,dbe,control_internet_subject_v01_c01_20260809T064608Z,89a4ca78-21c9-5aea-bf8a-0f02ca9363d3,d3a22caa60900408,5,0,suppressed_cooldown,live,,,0,,False,False
primary,dbe,control_internet_subject_v01_c01_20260809T064608Z,49959455-5284-5000-97f8-f2dfc183baaa,4303f80fc29abb6c,6,0,suppressed_cooldown,live,,,0,,False,False
primary,dbe,control_internet_subject_v01_c01_20260809T064608Z,7b1ad56f-c22e-5fe4-b2d5-833b9ea855ff,34132fd55ade212b,7,0,suppressed_cooldown,live,,,0,,False,False
primary,dbe,control_internet_subject_v01_c01_20260809T064608Z,fccf1bda-be2b-5825-9821-de311cee9e8f,fe53d0d4a244a1cb,8,0,suppressed_cooldown,live,,,0,,False,False
primary,dbe,control_internet_subject_v01_c01_20260809T064608Z,097952d2-4386-57a0-a743-e6524381cf51,d502320ad818d729,9,0,suppressed_cooldown,live,,,0,,False,False
primary,dbe,control_internet_subject_v01_c01_20260809T064608Z,38ed2d9c-5e4f-59d7-acd2-fbc3d3bd5f9f,b23be53ef0369128,10,0,suppressed_cooldown,live,,,0,,False,False
primary,dbe,control_internet_subject_v01_c01_20260809T064608Z,270988b4-4fdb-526c-aaf6-e6b95bd6cb7f,da4e30af865df576,11,0,suppressed_cooldown,live,,,0,,False,False
primary,dbe,control_internet_subject_v01_c01_20260809T064608Z,b3298dcc-a65a-57c8-974c-6830eeb9d63c,9214209a2f7bcc16,12,0,suppressed_cooldown,live,,,0,,False,False
primary,dbe,control_internet_subject_v01_c01_20260809T064608Z,efcb9bcb-f8c1-54f0-b356-ef8677a64743,9e3b1811ac132edc,13,0,suppressed_cooldown,live,,,0,,False,False
primary,dbe,control_internet_subject_v01_c01_20260809T064608Z,56f1a4be-bc29-5003-b615-4dd22001b73f,d7c8571b43428f32,14,0,suppressed_cooldown,live,,,0,,False,False
primary,dbe,control_internet_subject_v01_c02_20260809T064609Z,8c755068-eb8d-5b73-ae29-7815a52a41e5,9eaa2cebab66ca8b,0,1,delivered,live,live,41.44873046875,1,1069,True,True
primary,dbe,control_internet_subject_v01_c02_20260809T064609Z,3636e75f-68d1-5f87-9907-fbceff711f44,86ad53f677fa3649,1,0,suppressed_cooldown,live,,,0,,False,False
primary,dbe,control_internet_subject_v01_c02_20260809T064609Z,2c9c801e-f57a-5d67-956a-1e72f29d12dd,04e6d9c76a262c0a,2,1,delivered,live,live,43.78369140625,1,1067,False,True
primary,dbe,control_internet_subject_v01_c02_20260809T064609Z,ac88c1ad-27fc-5168-b9ab-287efbb2ae75,fb0655e55f652afc,3,0,suppressed_cooldown,live,,,0,,False,False
primary,dbe,control_internet_subject_v01_c02_20260809T064609Z,4a69c13c-4386-539d-afc9-4f9d448cd024,2818a8ac48665be7,4,0,suppressed_cooldown,live,,,0,,False,False
primary,dbe,control_internet_subject_v01_c02_20260809T064609Z,e76b74fb-a86a-5ab9-b734-2113c55a5db3,1ba2fa935721f2ec,5,0,suppressed_cooldown,live,,,0,,False,False
primary,dbe,control_internet_subject_v01_c02_20260809T064609Z,85b52bec-2bfc-510e-b45d-366bf5cd556d,40c086bda3f4f05f,6,0,suppressed_cooldown,live,,,0,,False,False
primary,dbe,control_internet_subject_v01_c02_20260809T064609Z,561499cc-9d4f-5653-9fb4-341f1f294cc9,54f6ec7144ad4471,7,0,suppressed_cooldown,live,,,0,,False,False
primary,dbe,control_internet_subject_v01_c02_20260809T064609Z,fe22512a-6025-5df3-afc8-2f7c6b9eb4ba,135d4348f9638b53,8,0,suppressed_cooldown,live,,,0,,False,False
primary,dbe,control_internet_subject_v01_c02_20260809T064609Z,a35976cd-78eb-5f3b-ba34-cf9edd089c34,a2b762aea93689bb,9,0,suppressed_cooldown,live,,,0,,False,False
primary,dbe,control_internet_subject_v01_c02_20260809T064609Z,274ac8c8-0cf5-572d-ac32-e181f914d4d9,324687dbae5b5c6c,10,0,suppressed_cooldown,live,,,0,,False,False
primary,dbe,control_internet_subject_v01_c02_20260809T064609Z,51c34366-1af4-5f37-8afe-7d65f0b7ca66,9f62f04eeeefa654,11,0,suppressed_cooldown,live,,,0,,False,False
primary,dbe,control_internet_subject_v02_c01_20260809T064611Z,712d43af-5ca6-53a2-911b-d4607f30cff6,8a210e186360035c,0,1,delivered,live,live,32.1630859375,1,1065,True,True
primary,dbe,control_internet_subject_v02_c01_20260809T064611Z,1210dc72-916a-5c24-8cf0-de866139bc79,15061d8cb909564d,1,0,suppressed_cooldown,live,,,0,,False,False
primary,dbe,control_internet_subject_v02_c01_20260809T064611Z,1d49f4ba-0a9b-5621-9970-d4137eb3a926,a0d5dd3547fdfcad,2,1,delivered,live,live,34.141357421875,1,1073,False,True
primary,dbe,control_internet_subject_v02_c01_20260809T064611Z,aaa16d15-0aba-5197-ad4b-6d798d8d82d1,e0473507cefcf6ab,3,0,suppressed_cooldown,live,,,0,,False,False
primary,dbe,control_internet_subject_v03_c01_20260809T064612Z,ed0e34ce-d608-516a-829f-7ddba6e03616,3c9529f58cc4ee33,0,1,delivered,live,live,42.487548828125,1,1074,True,True
primary,dbe,control_internet_subject_v03_c01_20260809T064612Z,542f95d2-cbbe-514f-a23b-42801e2dcf16,1ddaa0a8a09a15ae,1,0,suppressed_cooldown,live,,,0,,False,False
primary,dbe,control_internet_subject_v03_c02_20260809T064613Z,e9ce526f-a22a-5143-90c1-88f56fe99ca7,1e07d4976e2b97ba,0,1,delivered,live,live,32.072021484375,1,1073,True,True
primary,dbe,control_internet_subject_v03_c02_20260809T064613Z,87176905-e3d9-5fe4-a00d-f177f5a75c3e,83b796a6ee72a052,1,0,suppressed_cooldown,live,,,0,,False,False
primary,dbe,control_internet_subject_v03_c02_20260809T064613Z,91dfe36c-72ec-56fa-956e-aa3cd3e42ad5,0db2265a4cf2517c,2,0,suppressed_cooldown,live,,,0,,False,False
primary,dbe,control_internet_subject_v03_c02_20260809T064613Z,2a1a354f-7fa2-51e9-8e4d-16107905f7c2,12632ea0e87dba2c,3,1,delivered,live,live,34.57763671875,1,1068,False,True
primary,dbe,control_internet_subject_v03_c02_20260809T064613Z,166b5903-b60f-5266-9dd1-d01450797f25,65baff10a3f7bb8b,4,0,suppressed_cooldown,live,,,0,,False,False
primary,dbe,control_internet_subject_v03_c02_20260809T064613Z,1dc82bd9-c514-5d32-9216-aa5e2a025b54,d704a000e30afcf6,5,0,suppressed_cooldown,live,,,0,,False,False
primary,dbe,control_internet_subject_v03_c02_20260809T064613Z,767e6b1d-f608-5d5e-a0a6-0db81f99d37b,578e9c7febaad8c6,6,0,suppressed_cooldown,live,,,0,,False,False
primary,dbe,control_internet_subject_v03_c02_20260809T064613Z,5f983f36-ef1f-5a7f-9759-9a5d1b0fe072,57fd7e00674c996a,7,1,delivered,live,live,37.144287109375,1,1074,False,True
primary,dbe,control_internet_subject_v03_c02_20260809T064613Z,540c2d5c-beb4-56e5-ad78-db4c64bcb31d,098777059020fd60,8,0,suppressed_cooldown,live,,,0,,False,False
primary,dbe,control_internet_subject_v03_c02_20260809T064613Z,27e9423f-d05c-573f-986e-232df4f11972,f39476523a2143b8,9,1,delivered,live,live,38.7197265625,1,1064,False,True
primary,dbe,control_internet_subject_v03_c02_20260809T064613Z,a1571c8f-ead5-5d81-9300-8b1a4399815c,aabe368565ccffa0,10,0,suppressed_cooldown,live,,,0,,False,False
primary,dbe,control_internet_subject_v03_c02_20260809T064613Z,e28b2b18-b7f8-59b0-ae4d-9e10d31c339a,f2ae0f40f23b5c67,11,0,suppressed_cooldown,live,,,0,,False,False
primary,dbe,control_internet_subject_v03_c02_20260809T064613Z,ccc428e2-bca1-5e92-b995-b755a722d1f3,4a9db82d94e53d80,12,1,delivered,live,live,42.275634765625,1,1071,False,True
primary,dbe,control_internet_subject_v03_c02_20260809T064613Z,cce8a50e-9aee-5c48-b3a3-703df9b83e0c,3e0d11ac60a38172,13,1,delivered,live,live,45.472900390625,1,1065,False,True
primary,dbe,control_internet_subject_v03_c02_20260809T064613Z,a442621a-4aa1-5e87-af33-4f20a654a4de,dc28aa89921c2fcf,14,0,suppressed_cooldown,live,,,0,,False,False
primary,dbe,control_internet_subject_v03_c02_20260809T064613Z,f4c794de-dc8b-56a5-ab27-554b40f3b507,b2f7639c76a363b0,15,0,suppressed_cooldown,live,,,0,,False,False
primary,dbe,control_internet_subject_v03_c02_20260809T064613Z,e810c8b1-a1e8-50dc-ae7a-997969f92174,ecd337f0c23d21e5,16,0,suppressed_cooldown,live,,,0,,False,False
primary,dbe,control_internet_subject_v03_c02_20260809T064613Z,f212db53-2cf5-5d90-a116-44db36d3af0b,3c3e641880f85d2b,17,0,suppressed_cooldown,live,,,0,,False,False
primary,dbe,control_internet_subject_v03_c02_20260809T064613Z,008a6965-e7f8-5d43-9e3d-420bd07a064b,4ee70ec2b7096eef,18,1,delivered,live,live,48.982421875,1,1075,False,True
primary,dbe,control_internet_subject_v03_c02_20260809T064613Z,df21f87e-7d63-57af-8c1d-817cd1571643,5efd6f1dc8cf06a9,19,0,suppressed_cooldown,live,,,0,,False,False
primary,dbe,control_internet_subject_v04_c01_20260809T064614Z,07cb402b-9b22-579f-b449-14a9c77bd9a8,15e706a3cf1688f8,0,1,delivered,live,live,45.19580078125,1,1068,True,True
primary,dbe,control_internet_subject_v04_c01_20260809T064614Z,b4b2a0f9-ce8a-5868-b92b-83046dcbe28f,49e50d1ce948e243,1,0,suppressed_cooldown,live,,,0,,False,False
primary,dbe,control_internet_subject_v04_c01_20260809T064614Z,e1ba8088-8eef-5d64-8299-292667a3be19,7488048e1a4bad95,2,0,suppressed_cooldown,live,,,0,,False,False
primary,dbe,control_internet_subject_v04_c01_20260809T064614Z,382d72f9-af71-5b05-819a-d29bcfbea4b0,9d6a56f573fcd088,3,0,suppressed_cooldown,live,,,0,,False,False
primary,dbe,control_internet_subject_v04_c01_20260809T064614Z,3c5bb036-0db6-58e6-8983-dc14af11c03e,1fd22b25b7ef3ec9,4,1,delivered,live,live,47.8466796875,1,1066,False,True
primary,dbe,control_internet_subject_v04_c01_20260809T064614Z,86cc89c7-31ff-5cfb-aa0a-7a9c5ffe190f,308c2c2c0a4abf31,5,0,suppressed_cooldown,live,,,0,,False,False
primary,dbe,control_internet_subject_v04_c01_20260809T064614Z,fc62a0a7-efc8-5fce-a5b2-eeca825380f8,324dcea0b1d9261b,6,0,suppressed_cooldown,live,,,0,,False,False
primary,dbe,control_internet_subject_v04_c01_20260809T064614Z,70bababe-9902-5ab9-9ae6-2747e686b819,f7bc26c3520d6891,7,0,suppressed_cooldown,live,,,0,,False,False
primary,dbe,control_internet_subject_v04_c01_20260809T064614Z,b25f8520-9f51-53f6-830f-ca8245edb525,061669c8d6b04827,8,0,suppressed_cooldown,live,,,0,,False,False
primary,dbe,control_internet_subject_v04_c01_20260809T064614Z,08e86be7-bf69-508d-a13d-7684eb6cef89,2c1cf18d42bba50d,9,0,suppressed_cooldown,live,,,0,,False,False
primary,dbe,control_internet_subject_v04_c01_20260809T064614Z,253f53ab-d3eb-5885-a1b5-70c082a2f1b3,e4e3458f7e87d666,10,0,suppressed_cooldown,live,,,0,,False,False
primary,dbe,control_internet_subject_v04_c01_20260809T064614Z,f14ffc03-7369-5e2c-b06d-58ed1b678d04,321a8c67c4129d74,11,0,suppressed_cooldown,live,,,0,,False,False
primary,dbe,control_internet_subject_v04_c01_20260809T064614Z,f4f5d16e-927c-563d-a99c-fa87ff61f6ae,bc7e0ee21a15c6d2,12,0,suppressed_cooldown,live,,,0,,False,False
primary,dbe,control_internet_subject_v04_c01_20260809T064614Z,abcb390d-903e-52da-a0f6-c5721c50b716,7f6ecc1dc8563f2a,13,0,suppressed_cooldown,live,,,0,,False,False
primary,dbe,control_internet_subject_v04_c01_20260809T064614Z,43dc27b9-53f1-5f92-b755-2e8032169fed,19dd6de7b4919d86,14,0,suppressed_cooldown,live,,,0,,False,False
primary,dbe,control_internet_subject_v04_c02_20260809T064615Z,5c39b79a-a6c8-543e-9380-057b8a7b516d,794064687e5ea37c,0,1,delivered,live,live,30.246826171875,1,1068,True,True
primary,dbe,control_internet_subject_v04_c02_20260809T064615Z,5bcfcac4-2ea9-5a10-b5cc-b82338b5aaff,26cfd1ad7f6d4153,1,0,suppressed_cooldown,live,,,0,,False,False
primary,dbe,control_internet_subject_v04_c02_20260809T064615Z,e3d47fec-8fb4-5915-93ae-32eb71eefda1,6bcf673e967e364e,2,1,delivered,live,live,32.1943359375,1,1067,False,True
primary,dbe,control_internet_subject_v04_c02_20260809T064615Z,4b9d79b8-4373-5b89-b829-6a1f8d2d5393,3c066bfbb234e8be,3,0,suppressed_cooldown,live,,,0,,False,False
primary,dbe,control_internet_subject_v04_c02_20260809T064615Z,8b5354a6-ce48-5dd5-9cab-8888cbbf1776,f05ded0b03d7bee8,4,0,suppressed_cooldown,live,,,0,,False,False
primary,dbe,control_internet_subject_v04_c03_20260809T064616Z,f906d354-8ab4-5fd0-80ab-3b2b8d7c36be,ff2e87f2c9c3b6a0,0,1,delivered,live,live,42.573486328125,1,1065,True,True
primary,dbe,control_internet_subject_v05_c01_20260809T064618Z,67904e63-36c0-54fc-9a44-bcb2658de0bc,6e5d4919b6e43e2d,0,1,delivered,live,live,31.1904296875,1,1069,True,True
primary,dbe,control_internet_subject_v05_c01_20260809T064618Z,c49d4b4b-b71b-57aa-bc1e-fa8ef7f8a2b9,0a6d039533940a0b,1,1,delivered,live,live,33.60302734375,1,1065,False,True
primary,dbe,control_internet_subject_v05_c01_20260809T064618Z,0d38264e-91f9-5219-8c1f-43a7b886bd4e,e3ace86288b1c97e,2,0,suppressed_cooldown,live,,,0,,False,False
primary,dbe,control_internet_subject_v05_c01_20260809T064618Z,50c1b840-1ae6-5ba3-8650-2638ffbea332,7b31c6c3f4e450d6,3,0,suppressed_cooldown,live,,,0,,False,False
primary,dbe,control_internet_subject_v05_c01_20260809T064618Z,70255af5-2229-51c4-9132-d07c10bbba12,6d93983096a6dc5a,4,0,suppressed_cooldown,live,,,0,,False,False
primary,dbe,control_internet_subject_v05_c01_20260809T064618Z,eb8b217d-3b46-534d-a562-32e07c65414f,5651a2c9ec24a484,5,0,suppressed_cooldown,live,,,0,,False,False
primary,dbe,control_internet_subject_v05_c01_20260809T064618Z,3de0a339-09d6-5fa0-a0f1-3a5ca3ed1fc5,3a11394ea837edf6,6,0,suppressed_cooldown,live,,,0,,False,False
primary,dbe,control_internet_subject_v05_c01_20260809T064618Z,dc2c7357-dfbc-58db-80de-2deea122f14b,dc4d4bb4e7362ad4,7,0,suppressed_cooldown,live,,,0,,False,False
primary,dbe,control_internet_subject_v05_c01_20260809T064618Z,20f57a71-0420-53e6-abd0-168505eb4354,293e4f3a1787e6dc,8,0,suppressed_cooldown,live,,,0,,False,False
primary,dbe,control_internet_subject_v05_c01_20260809T064618Z,2b13b153-1f1d-58aa-bd94-ec3028ebb0ab,8ab542595d5a6612,9,0,suppressed_cooldown,live,,,0,,False,False
primary,dbe,control_internet_subject_v05_c01_20260809T064618Z,66da4ee2-dbdc-516b-9b78-8face011a170,45fe9e1f718828bb,10,0,suppressed_cooldown,live,,,0,,False,False
primary,dbe,control_internet_subject_v05_c01_20260809T064618Z,ff647f88-7d8a-59ed-9f94-488b8d474464,e6d49ad0df8994ec,11,0,suppressed_cooldown,live,,,0,,False,False
primary,dbe,control_internet_subject_v05_c01_20260809T064618Z,5176baec-1507-58e4-b684-40f1c9ad7e54,8c778abc75e28ec5,12,0,suppressed_cooldown,live,,,0,,False,False
primary,dbe,control_internet_subject_v05_c01_20260809T064618Z,52652589-ff3f-5ae4-a895-5843ecd875e9,81b370f3969069fc,13,0,suppressed_cooldown,live,,,0,,False,False
primary,dbe,control_internet_subject_v05_c01_20260809T064618Z,cc4a093a-b0df-5c51-9d8e-8bd53dbe5095,397904e60a375e5b,14,1,delivered,live,live,37.513916015625,1,1069,False,True
primary,dbe,control_internet_subject_v05_c01_20260809T064618Z,54653eef-7410-5019-af8f-49375e82de15,c6954b3ef55c6cb7,15,1,delivered,live,live,39.25341796875,1,1065,False,True
primary,dbe,control_internet_subject_v05_c01_20260809T064618Z,7d17a1cc-1d2a-5e49-ba1d-389f2198346b,90e3b67706f7e146,16,0,suppressed_cooldown,live,,,0,,False,False
primary,dbe,control_internet_subject_v05_c01_20260809T064618Z,75fbb562-6ee1-5aff-ae37-ad544d4dea83,bcbbb630efb7e7fb,17,0,suppressed_cooldown,live,,,0,,False,False
primary,dbe,control_internet_subject_v05_c01_20260809T064618Z,c9042e81-e079-5b58-b281-adf1d710dd1e,31443f04ec74a725,18,0,suppressed_cooldown,live,,,0,,False,False
primary,dbe,control_internet_subject_v05_c01_20260809T064618Z,f17e4aa8-70a2-530a-9643-fc5b14a3d9e3,4153fc7e9a939cc8,19,0,suppressed_cooldown,live,,,0,,False,False
primary,dbe,control_internet_subject_v05_c01_20260809T064618Z,cd12807e-dce8-56b8-a932-aca98f892b66,f42eebc61fc3a6f6,20,0,suppressed_cooldown,live,,,0,,False,False
primary,dbe,control_internet_subject_v05_c01_20260809T064618Z,8025c2f1-fdde-5e38-9e5a-af4fc9b24d12,e71f2d6dab32f991,21,1,delivered,live,live,42.916015625,1,1067,False,True
primary,dbe,control_internet_subject_v05_c01_20260809T064618Z,56f31489-1e46-5022-85c4-55d06daad028,e382ef1d5e5f69ce,22,1,delivered,live,live,44.967529296875,1,1072,False,True
primary,dbe,control_internet_subject_v05_c01_20260809T064618Z,67441b4a-6f9f-57b9-8963-b8a26efebcd4,e02ef20947e67c9f,23,0,suppressed_cooldown,live,,,0,,False,False
primary,dbe,control_internet_subject_v06_c01_20260809T064629Z,bc0634c9-5984-50e1-a4d8-c0a0c137beec,06f51ea0d5f594a4,0,1,delivered,live,live,47.17822265625,1,1062,True,True
primary,dbe,control_internet_subject_v06_c01_20260809T064629Z,1cb5185a-7f5f-5488-9a02-8debb9dd52f9,8c2ee5327c1ec4d0,1,0,suppressed_cooldown,live,,,0,,False,False
primary,dbe,control_internet_subject_v06_c01_20260809T064629Z,b54f72b6-0f01-5b68-81cf-8bc97e54cc94,defd253e54cb016f,2,0,suppressed_cooldown,live,,,0,,False,False
primary,dbe,control_internet_subject_v06_c01_20260809T064629Z,7c6dd712-9ea4-5e7a-8d0c-41972a644cd1,a35ed0a3a7ae8c71,3,0,suppressed_cooldown,live,,,0,,False,False
primary,dbe,control_internet_subject_v06_c01_20260809T064629Z,03876e85-bd63-5bf6-a063-987b426b8991,8eda3abedc902a61,4,0,suppressed_cooldown,live,,,0,,False,False
primary,dbe,control_internet_subject_v06_c01_20260809T064629Z,d35ff41b-32dd-5b66-933b-795f4628456f,e8712c06c6391c41,5,1,delivered,live,live,49.415283203125,1,1074,False,True
primary,dbe,control_internet_subject_v06_c01_20260809T064629Z,492deff3-a90a-590c-9265-0dd675280693,167207a9d4efda3d,6,0,suppressed_cooldown,live,,,0,,False,False
primary,dbe,control_internet_subject_v06_c01_20260809T064629Z,3edf7114-5587-5c36-ad16-f36762718946,5c4cc630bf8ddee1,7,0,suppressed_cooldown,live,,,0,,False,False
primary,dbe,control_internet_subject_v06_c01_20260809T064629Z,45b8c12b-122e-5289-ae13-f2a89361acc5,0c751de92770b938,8,0,suppressed_cooldown,live,,,0,,False,False
primary,dbe,control_internet_subject_v06_c01_20260809T064629Z,2328f55d-33bd-589a-abd1-86bb3cd65ed9,7157ce59558bbfee,9,0,suppressed_cooldown,live,,,0,,False,False
primary,dbe,control_internet_subject_v06_c01_20260809T064629Z,5c56b34e-8124-5764-b301-5b3e9e927e99,0b5c520eeb385784,10,0,suppressed_cooldown,live,,,0,,False,False
primary,dbe,control_internet_subject_v06_c01_20260809T064629Z,68fa1afb-3dd0-5761-9dbf-8ab5a113dc40,bbcc7830dec5d803,11,0,suppressed_cooldown,live,,,0,,False,False
primary,dbe,control_internet_subject_v06_c01_20260809T064629Z,9a15b010-5a8c-55e9-ac3c-a09aa14de085,a3264d1ec0bbbed5,12,0,suppressed_cooldown,live,,,0,,False,False
primary,dbe,control_internet_subject_v06_c01_20260809T064629Z,0a8a1a1e-a4db-5448-b36d-3011b4bbc473,6477b82647e42900,13,0,suppressed_cooldown,live,,,0,,False,False
primary,dbe,control_internet_subject_v06_c01_20260809T064629Z,a74f8880-4dc8-5e93-b8bd-a1832d0aa331,8301e992435a6658,14,0,suppressed_cooldown,live,,,0,,False,False
primary,dbe,control_internet_subject_v06_c01_20260809T064629Z,d818e48c-a991-5406-89f1-babc5282b3b6,2f6e68dbafcacbf2,15,0,suppressed_cooldown,live,,,0,,False,False
primary,dbe,control_internet_subject_v06_c01_20260809T064629Z,1e23ce33-cdcc-5248-aa9f-cec813535c69,e09f18868152a4f9,16,0,suppressed_cooldown,live,,,0,,False,False
primary,dbe,control_internet_subject_v06_c01_20260809T064629Z,b74c8b76-c762-5221-a578-003013c80078,7068a1a080f7dbdf,17,0,suppressed_cooldown,live,,,0,,False,False
primary,dbe,control_internet_subject_v06_c01_20260809T064629Z,493f4d23-b5fb-5cb7-a7ca-a4a760203db0,ff368692a16f28f2,18,0,suppressed_cooldown,live,,,0,,False,False
primary,dbe,control_internet_subject_v06_c01_20260809T064629Z,083e0319-5732-59b5-88dd-435617325528,fc6306c9d3fdc7ee,19,0,suppressed_cooldown,live,,,0,,False,False
primary,dbe,control_internet_subject_v06_c01_20260809T064629Z,22398aab-73ef-5465-87ae-68f0f5fb1d49,2641405b904c5538,20,0,suppressed_cooldown,live,,,0,,False,False
primary,dbe,control_internet_subject_v06_c01_20260809T064629Z,1b489de2-f4c3-5d88-be9e-0b77fe5a9e5b,8eec784caa33ec36,21,0,suppressed_cooldown,live,,,0,,False,False
primary,dbe,control_internet_subject_v06_c01_20260809T064629Z,f3ae05b6-b21c-5f17-a12b-b3ea3ce1c7ff,7b58e665c75d667a,22,0,suppressed_cooldown,live,,,0,,False,False
primary,dbe,control_internet_subject_v06_c01_20260809T064629Z,2bebfe1d-c27c-5190-8913-12a2c9b29a22,79cd00b2f5b1e5b5,23,0,suppressed_cooldown,live,,,0,,False,False
primary,dbe,control_internet_subject_v06_c01_20260809T064629Z,6dae55d4-c6c6-5f86-918a-000baead820c,7e69935307c4d878,24,0,suppressed_cooldown,live,,,0,,False,False
primary,dbe,control_internet_subject_v06_c01_20260809T064629Z,fee3060f-dda1-53fc-b6e8-3161f11ad8f5,841e24ed706fdc30,25,0,suppressed_cooldown,live,,,0,,False,False
primary,dbe,control_internet_subject_v06_c01_20260809T064629Z,9c3da96d-79e7-5e52-9e15-480121bdea54,489f70485dab51af,26,0,suppressed_cooldown,live,,,0,,False,False
primary,dbe,control_internet_subject_v06_c01_20260809T064629Z,ece6b524-d72e-5caa-a7d9-fd102506a10d,456314aaf9552a04,27,0,suppressed_cooldown,live,,,0,,False,False
primary,dbe,control_internet_subject_v06_c01_20260809T064629Z,d3474439-b720-5d11-9645-e76176313f40,efe0a197e7d0019d,28,0,suppressed_cooldown,live,,,0,,False,False
primary,dbe,control_internet_subject_v06_c01_20260809T064629Z,25874b07-4337-52ec-92c0-5c55b7d62eee,757a38aafbf26fd0,29,0,suppressed_cooldown,live,,,0,,False,False
primary,dbe,control_internet_subject_v06_c01_20260809T064629Z,f25b440d-6001-5415-a5f8-b3a1fb7e51c7,ef1133413a3100e9,30,0,suppressed_cooldown,live,,,0,,False,False
primary,dbe,control_internet_subject_v06_c01_20260809T064629Z,53a906e8-6601-55c3-95e7-adbe15178ab2,721f6abb4051924c,31,0,suppressed_cooldown,live,,,0,,False,False
primary,dbe,control_internet_subject_v06_c01_20260809T064629Z,3d7ffd3b-dc7d-5b54-a774-a9b08b4da842,f237a7b4f26c6f00,32,1,delivered,live,live,56.01904296875,1,1067,False,True
primary,dbe,control_internet_subject_v06_c01_20260809T064629Z,60404f7b-3208-5907-8d9e-3730630e0d9c,4b4aba7b7f6fac9c,33,0,suppressed_cooldown,live,,,0,,False,False
primary,dbe,control_internet_subject_v06_c01_20260809T064629Z,c332b1a1-e145-5698-bc02-40e4c56c3360,85fbf2b86e6ab628,34,0,suppressed_cooldown,live,,,0,,False,False
primary,dbe,control_internet_subject_v06_c01_20260809T064629Z,044de7fd-cb03-5026-ab71-623614f199bc,95a95460944c7006,35,1,delivered,live,live,58.167236328125,1,1071,False,True
primary,dbe,control_internet_subject_v06_c01_20260809T064629Z,9a3c65ab-34d6-589b-bee2-95d99b25e908,1f9e03d5649de9d5,36,0,suppressed_cooldown,live,,,0,,False,False
primary,dbe,control_internet_subject_v06_c01_20260809T064629Z,e6ef031b-c89f-5dc3-85ad-fe30555759af,7059835a731297c4,37,0,suppressed_cooldown,live,,,0,,False,False
primary,dbe,control_internet_subject_v06_c01_20260809T064629Z,2c85139c-9225-5e88-9fc8-9450618999f5,5b054c92b1808772,38,0,suppressed_cooldown,live,,,0,,False,False
primary,dbe,control_internet_subject_v06_c01_20260809T064629Z,85668c62-4581-5029-9915-877a8f530217,890489561843d10e,39,0,suppressed_cooldown,live,,,0,,False,False
primary,dbe,control_internet_subject_v06_c01_20260809T064629Z,36a11743-873f-552f-9dad-d2f11379c17a,22697b426037d36c,40,0,suppressed_cooldown,live,,,0,,False,False
primary,dbe,control_internet_subject_v06_c01_20260809T064629Z,1b74c9ba-2066-5fcd-a0a7-a03dea4e95d4,9b0990cf516488b4,41,0,suppressed_cooldown,live,,,0,,False,False
primary,dbe,control_internet_subject_v06_c01_20260809T064629Z,ba9a758b-bd4a-5de1-835a-740fbd2d56c4,a7d314c4ff33e42b,42,0,suppressed_cooldown,live,,,0,,False,False
primary,dbe,control_internet_subject_v06_c01_20260809T064629Z,e95dc1c2-33ad-56e6-b896-0ff7856c8215,31f07b5527a6ed77,43,0,suppressed_cooldown,live,,,0,,False,False
primary,dbe,control_internet_subject_v06_c01_20260809T064629Z,873219f0-3420-562e-9f86-6d06cdb32a1c,fa3e3016431ef2c0,44,0,suppressed_cooldown,live,,,0,,False,False
primary,dbe,control_internet_subject_v06_c01_20260809T064629Z,3ca43797-7552-59bd-bc9e-070428e1350c,cc316fed5cc8e3fa,45,0,suppressed_cooldown,live,,,0,,False,False
primary,dbe,control_internet_subject_v06_c01_20260809T064629Z,721a0a59-d55d-52da-8122-deca7b4a05c6,d4a022a1f93a3d7f,46,0,suppressed_cooldown,live,,,0,,False,False
primary,dbe,control_internet_subject_v06_c01_20260809T064629Z,bd194b77-ab62-5b34-8782-4161cce34a45,2c766f25f3b87bf1,47,0,suppressed_cooldown,live,,,0,,False,False
primary,dbe,control_internet_subject_v06_c01_20260809T064629Z,f988b188-09e8-537a-a5a0-00c20dac0d68,7812920cd1341ad9,48,0,suppressed_cooldown,live,,,0,,False,False
primary,dbe,control_internet_subject_v06_c01_20260809T064629Z,e57a6ef7-165e-5059-8492-669b0aa5d53f,f2627bdcca51a776,49,0,suppressed_cooldown,live,,,0,,False,False
primary,dbe,control_internet_subject_v06_c01_20260809T064629Z,ac5bf2ac-efd6-5b02-872a-8be4a68c7f04,2760d4834c4ef72b,50,0,suppressed_cooldown,live,,,0,,False,False
primary,dbe,control_internet_subject_v06_c01_20260809T064629Z,def1f0f3-b0e2-59b3-b880-e9ebc1e6ab0f,7f38a706bff22db4,51,0,suppressed_cooldown,live,,,0,,False,False
primary,dbe,control_internet_subject_v06_c01_20260809T064629Z,bb41fae3-a21a-5152-990b-fa79aaf1f328,fe96eb6e6ac52343,52,0,suppressed_cooldown,live,,,0,,False,False
primary,dbe,control_internet_subject_v06_c01_20260809T064629Z,ced0c302-8e15-57c2-b487-6a643125c3b2,d7916e341aacb27b,53,0,suppressed_cooldown,live,,,0,,False,False
primary,dbe,control_internet_subject_v06_c01_20260809T064629Z,10f6c850-e210-5333-a3d5-1f477bbafae3,fdf7dcddeb64e3ce,54,0,suppressed_cooldown,live,,,0,,False,False
primary,dbe,control_internet_subject_v06_c01_20260809T064629Z,56a1af58-0166-54ea-b5b2-d7d995d58082,1a2244cab152eb20,55,0,suppressed_cooldown,live,,,0,,False,False
primary,dbe,control_internet_subject_v06_c01_20260809T064629Z,74469f1d-55df-572b-92cc-f51b6d018795,a32b8e52090268ee,56,0,suppressed_cooldown,live,,,0,,False,False
primary,dbe,control_internet_subject_v06_c01_20260809T064629Z,4b0c3191-20e9-56a4-8a57-b01f2ddf4164,83a28d2eaaaf3a51,57,0,suppressed_cooldown,live,,,0,,False,False
primary,dbe,control_internet_subject_v06_c01_20260809T064629Z,3ce9e2bb-5c1a-5eac-ab14-d2f84c331234,98b6379498b3565f,58,0,suppressed_cooldown,live,,,0,,False,False
primary,dbe,control_internet_subject_v06_c01_20260809T064629Z,d756cc71-1dd7-557b-8c07-a3bf4e698ab1,8fb80371cca08236,59,0,suppressed_cooldown,live,,,0,,False,False
primary,dbe,control_internet_subject_v06_c01_20260809T064629Z,e4f64bff-2c94-51b7-b7e9-cb0ddd21420a,6a09e9c3382edd09,60,0,suppressed_cooldown,live,,,0,,False,False
primary,dbe,control_internet_subject_v06_c01_20260809T064629Z,96657fec-33bc-5513-886d-c72bc06a32da,fb947a9467ef0b30,61,0,suppressed_cooldown,live,,,0,,False,False
primary,dbe,control_internet_subject_v06_c01_20260809T064629Z,5d191a3e-e37f-53ed-99d1-0777e54eece6,3dd8464ddf0cd4e5,62,0,suppressed_cooldown,live,,,0,,False,False
primary,dbe,control_internet_subject_v06_c01_20260809T064629Z,4086491b-4210-50f1-b792-b1adf45600d0,e21108190c9d47fa,63,0,suppressed_cooldown,live,,,0,,False,False
primary,dbe,control_internet_subject_v06_c01_20260809T064629Z,8d42691c-f40b-541e-bddf-de3bf86d0990,a85a78d6c281fb02,64,0,suppressed_cooldown,live,,,0,,False,False
primary,dbe,control_internet_subject_v06_c01_20260809T064629Z,3f1b7ffc-2cec-56a2-abee-6c6b85e8c13b,42a5058639967351,65,1,delivered,live,live,64.5341796875,1,1071,False,True
primary,dbe,control_internet_subject_v06_c01_20260809T064629Z,cc46b931-dd01-58ec-ba10-626317d895d1,09799eb0b9d741ae,66,1,delivered,live,live,65.76953125,1,1068,False,True
primary,dbe,control_internet_subject_v06_c01_20260809T064629Z,0e63ba11-d230-5b71-95e4-8935e7b92abd,7513872f685a6cbd,67,0,suppressed_cooldown,live,,,0,,False,False
primary,dbe,control_internet_subject_v06_c01_20260809T064629Z,31672a96-145f-5779-93fa-9eee1a380d05,c85f5c5c75d733cb,68,0,suppressed_cooldown,live,,,0,,False,False
primary,dbe,control_internet_subject_v06_c01_20260809T064629Z,b4c582e1-d9f4-5f68-a03d-b78148331461,e314c7af94156c1d,69,0,suppressed_cooldown,live,,,0,,False,False
primary,dbe,control_internet_subject_v06_c01_20260809T064629Z,68435eba-a58a-5a5e-a023-8c6e0dfdb2c6,7aaf82a78bd50b69,70,0,suppressed_cooldown,live,,,0,,False,False
primary,dbe,control_internet_subject_v06_c01_20260809T064629Z,b83333a1-1e94-5ddf-b078-dd29554cd002,7278f2a1858ffb74,71,0,suppressed_cooldown,live,,,0,,False,False
primary,dbe,control_internet_subject_v06_c01_20260809T064629Z,e04fa2c7-185d-5959-bc03-1a3a9e960d95,c690c1b85f1f2b62,72,0,suppressed_cooldown,live,,,0,,False,False
primary,dbe,control_internet_subject_v06_c01_20260809T064629Z,12778cb5-7b8c-5e61-b61a-764653c0df85,0b9173fab2dd870e,73,0,suppressed_cooldown,live,,,0,,False,False
primary,dbe,control_internet_subject_v06_c01_20260809T064629Z,135a84a3-77e6-5f12-90c3-bf8891a41b4f,de458775580a35bf,74,0,suppressed_cooldown,live,,,0,,False,False
primary,dbe,control_internet_subject_v06_c01_20260809T064629Z,b0b3aea3-53fe-5195-b050-002ef81c94a0,89414757ff92fbe2,75,0,suppressed_cooldown,live,,,0,,False,False
primary,dbe,control_internet_subject_v06_c01_20260809T064629Z,f4f7e8a2-aa31-5fea-b3a6-04931840b436,02123b66c99fa9ec,76,0,suppressed_cooldown,live,,,0,,False,False
primary,dbe,control_internet_subject_v06_c01_20260809T064629Z,d175a3c9-6690-5191-aaae-1deebc3f3105,797409c2ff04c0bb,77,0,suppressed_cooldown,live,,,0,,False,False
primary,dbe,control_internet_subject_v06_c01_20260809T064629Z,2cda2acd-8ef5-50f3-9cfb-8d5ac9ea56e4,e17a190b7832631c,78,0,suppressed_cooldown,live,,,0,,False,False
primary,dbe,control_internet_subject_v06_c01_20260809T064629Z,9faf428f-0302-5b64-8573-fb5b1e945c8c,2fde3973cbe64712,79,0,suppressed_cooldown,live,,,0,,False,False
primary,dbe,control_internet_subject_v06_c01_20260809T064629Z,474885a3-d82b-5296-89c5-287200ce951d,9b4ec12866963476,80,1,delivered,live,live,69.3134765625,1,1073,False,True
primary,dbe,control_internet_subject_v06_c01_20260809T064629Z,5c692d71-2d4a-549d-952c-ec82ba468367,21c77576f699d8ab,81,0,suppressed_cooldown,live,,,0,,False,False
primary,dbe,control_internet_subject_v06_c01_20260809T064629Z,874364d6-48fe-55fa-b0dc-23309a10261d,88ac54a02303df64,82,0,suppressed_cooldown,live,,,0,,False,False
primary,dbe,control_internet_subject_v06_c01_20260809T064629Z,f8a0e6fd-3485-5517-b3ed-45c95bd845ac,26089512bd1693f5,83,1,delivered,live,live,71.084716796875,1,1070,False,True
primary,dbe,control_internet_subject_v06_c01_20260809T064629Z,c6ecc1e9-4395-5bb7-b767-9ed26b24224c,3ced14ca2ccf1a5d,84,0,suppressed_cooldown,live,,,0,,False,False
primary,dbe,control_internet_subject_v06_c01_20260809T064629Z,f46fa560-6725-5838-a10d-5a94712e1625,c5d295be5bbab690,85,0,suppressed_cooldown,live,,,0,,False,False
primary,dbe,control_internet_subject_v06_c01_20260809T064629Z,26a14bdc-aeb2-52f2-8c22-7c20015541c0,4404bccc5c54eab5,86,0,suppressed_cooldown,live,,,0,,False,False
primary,dbe,control_internet_subject_v06_c01_20260809T064629Z,7424ea04-27dc-5364-8294-b82a79b9cd55,7f75b40874db0518,87,0,suppressed_cooldown,live,,,0,,False,False
primary,dbe,control_internet_subject_v06_c01_20260809T064629Z,dcfda69a-bfd9-507d-991d-23c45f79ff19,c42efd6858ee4e43,88,0,suppressed_cooldown,live,,,0,,False,False
primary,dbe,control_internet_subject_v06_c01_20260809T064629Z,31f9e10d-6688-5b9e-8243-eea508219809,8d785425a4602864,89,0,suppressed_cooldown,live,,,0,,False,False
primary,dbe,control_internet_subject_v06_c01_20260809T064629Z,4ca4a415-2b73-507e-a97e-d1c0642f636e,5f10d511af94a9d6,90,0,suppressed_cooldown,live,,,0,,False,False
primary,dbe,control_internet_subject_v06_c01_20260809T064629Z,d74cc67f-e8ba-5280-9658-ada19b9604bd,8665c094151685b9,91,0,suppressed_cooldown,live,,,0,,False,False
primary,dbe,control_internet_subject_v06_c01_20260809T064629Z,d735dc42-573d-5cdc-b9f2-473eec72a12e,6a2ed2e67af8eae7,92,0,suppressed_cooldown,live,,,0,,False,False
primary,dbe,control_internet_subject_v06_c01_20260809T064629Z,4da8ffa1-1d8d-5bff-ace6-0485931be732,4042a09063ff37e4,93,0,suppressed_cooldown,live,,,0,,False,False
primary,dbe,control_internet_subject_v06_c01_20260809T064629Z,800f5ffa-7d41-5d9d-95be-60db36ee66e1,7c5994a30fe87cbd,94,0,suppressed_cooldown,live,,,0,,False,False
primary,dbe,control_internet_subject_v06_c01_20260809T064629Z,6b59ac48-6086-5731-99e0-5848a2febd18,779280374ff12e61,95,0,suppressed_cooldown,live,,,0,,False,False
primary,dbe,control_internet_subject_v06_c01_20260809T064629Z,84464fef-e9c7-5ac3-8844-f7c1ac03de04,1da144b86e5b6053,96,0,suppressed_cooldown,live,,,0,,False,False
primary,dbe,control_internet_subject_v06_c01_20260809T064629Z,03b33595-4341-5d95-82e2-431d38c097d6,43684b33c1864f39,97,0,suppressed_cooldown,live,,,0,,False,False
primary,dbe,control_internet_subject_v06_c01_20260809T064629Z,ebf5962a-038d-5038-ba5a-ee23f142b2dd,57b6211c8bd51ea6,98,0,suppressed_cooldown,live,,,0,,False,False
primary,dbe,control_internet_subject_v06_c01_20260809T064629Z,aa19bcec-349d-5371-b63a-5b8ab6c18b73,27265a42b6afbf1a,99,0,suppressed_cooldown,live,,,0,,False,False
primary,dbe,control_internet_subject_v06_c01_20260809T064629Z,cd4be963-27ae-51da-9d11-46b6de65aa4b,8fbecbc635e36680,100,1,delivered,live,live,75.439208984375,1,1075,False,True
primary,dbe,control_internet_subject_v06_c01_20260809T064629Z,2180408c-c86f-53ea-b9c5-1c917a4b6c4b,6dd13fff65b6b5f3,101,1,delivered,live,live,77.30126953125,1,1069,False,True
primary,dbe,control_internet_subject_v06_c01_20260809T064629Z,f6e398e8-c964-592c-a4bf-ef784e42e755,4ab4457fd5524352,102,0,suppressed_cooldown,live,,,0,,False,False
primary,dbe,control_internet_subject_v06_c01_20260809T064629Z,af805c5c-9431-5d23-b950-21f346ab7e2f,7c59d97c2b5b46cb,103,0,suppressed_cooldown,live,,,0,,False,False
primary,dbe,control_internet_subject_v06_c01_20260809T064629Z,0058b335-baff-500c-8635-1bc8a263c792,4b9fdeadca2ab3fc,104,0,suppressed_cooldown,live,,,0,,False,False
primary,dbe,control_internet_subject_v06_c01_20260809T064629Z,4ec98089-d298-5f7b-a6b9-2d181a89fabf,76f1f6c05ba8e330,105,0,suppressed_cooldown,live,,,0,,False,False
primary,dbe,control_internet_subject_v06_c01_20260809T064629Z,07136ba0-053f-53e7-84fe-c21be43578ad,fdb36aea9236d777,106,0,suppressed_cooldown,live,,,0,,False,False
primary,dbe,control_internet_subject_v06_c01_20260809T064629Z,6b02ebd6-092e-5085-b5d7-ae3f7504c59c,8050a4f9ab3a56a3,107,0,suppressed_cooldown,live,,,0,,False,False
primary,dbe,control_internet_subject_v06_c01_20260809T064629Z,5de67b22-a9f1-5343-bd70-21791ebee029,dfc1e719576fe59c,108,0,suppressed_cooldown,live,,,0,,False,False
primary,dbe,control_internet_subject_v06_c01_20260809T064629Z,9973fd0b-b97e-5983-83d0-46dd0cd65308,1e18e977ad827bb5,109,0,suppressed_cooldown,live,,,0,,False,False
primary,dbe,control_internet_subject_v06_c01_20260809T064629Z,ffd05c7c-a4c6-5e2b-8ba5-de592c37c548,62ba7d17f70b6d25,110,0,suppressed_cooldown,live,,,0,,False,False
primary,dbe,control_internet_subject_v06_c01_20260809T064629Z,e2adc7a0-acd3-5587-93fe-ec5a9e4ce31d,47b247e9657bbe9e,111,0,suppressed_cooldown,live,,,0,,False,False
primary,dbe,control_internet_subject_v06_c01_20260809T064629Z,14fcf515-77e8-5684-98c6-a9b885be4445,1229f498e96441f6,112,0,suppressed_cooldown,live,,,0,,False,False
primary,dbe,control_internet_subject_v06_c01_20260809T064629Z,58c89204-1945-59ab-b2fe-3be36966c9f6,613d6c771e711234,113,0,suppressed_cooldown,live,,,0,,False,False
primary,dbe,control_internet_subject_v06_c01_20260809T064629Z,99579994-4848-55d1-ad26-bcf472a3fa04,9afe2ed4083aa15b,114,0,suppressed_cooldown,live,,,0,,False,False
primary,dbe,control_internet_subject_v06_c01_20260809T064629Z,06943314-eafe-562c-9193-01274c081643,a972cd98aebebcdf,115,0,suppressed_cooldown,live,,,0,,False,False
primary,dbe,control_internet_subject_v06_c01_20260809T064629Z,c40ada02-ed5c-5905-b40f-7bb7c8b5129e,0096bf37432caad3,116,0,suppressed_cooldown,live,,,0,,False,False
primary,dbe,control_internet_subject_v06_c01_20260809T064629Z,dd98f703-4232-597b-b78a-013d300d6ef5,bb855b94352be07f,117,0,suppressed_cooldown,live,,,0,,False,False
primary,dbe,control_internet_subject_v06_c01_20260809T064629Z,5a07c560-be89-5d2c-9d0b-17a03208239e,0ca3e28fdf0826f0,118,0,suppressed_cooldown,live,,,0,,False,False
primary,dbe,control_internet_subject_v06_c01_20260809T064629Z,e3820698-a386-584b-882d-a0f2a8628666,83cdf3876fa1db75,119,0,suppressed_cooldown,live,,,0,,False,False
primary,dbe,control_internet_subject_v06_c01_20260809T064629Z,3e49060a-c6ac-51d0-bc0c-45963b91f9ab,c037a0f880436835,120,0,suppressed_cooldown,live,,,0,,False,False
primary,dbe,control_internet_subject_v06_c01_20260809T064629Z,cefa0664-3e15-541a-aeac-20d63d1ef3ea,e01628c1734a7118,121,0,suppressed_cooldown,live,,,0,,False,False
primary,dbe,control_internet_subject_v06_c01_20260809T064629Z,9bfabe8b-be3e-59d2-8f56-5858d71200a8,8788b68a9176e406,122,1,delivered,live,live,83.898193359375,1,1067,False,True
primary,dbe,control_internet_subject_v06_c01_20260809T064629Z,741cce7b-5633-5717-b1f5-b25a45d0afa5,c4f7332aa64968d1,123,0,suppressed_cooldown,live,,,0,,False,False
primary,dbe,control_internet_subject_v06_c01_20260809T064629Z,58caf899-e58b-54af-a444-20f8463c3f0e,0596ffb7944b8bf1,124,1,delivered,live,live,85.874755859375,1,1074,False,True
primary,dbe,control_internet_subject_v06_c01_20260809T064629Z,02d81368-efce-5b4c-9263-157c388ebef7,3578f10614d7b16a,125,0,suppressed_cooldown,live,,,0,,False,False
primary,dbe,control_internet_subject_v06_c01_20260809T064629Z,aadcb22d-f55b-5de1-9338-7d9f5db1b443,7c4652d94bb5c771,126,0,suppressed_cooldown,live,,,0,,False,False
primary,dbe,control_internet_subject_v06_c01_20260809T064629Z,fd2f717c-e590-5cf5-a3aa-a4f1b590acbd,749fc32d92697c9f,127,0,suppressed_cooldown,live,,,0,,False,False
primary,dbe,control_internet_subject_v06_c01_20260809T064629Z,5b09dfab-e07b-56b9-94bd-a1cc7c7806ff,606c3632b4ebed86,128,0,suppressed_cooldown,live,,,0,,False,False
primary,dbe,control_internet_subject_v06_c01_20260809T064629Z,fb301991-f833-5c2f-a8a6-927fd7153387,6839f838bc8ce599,129,0,suppressed_cooldown,live,,,0,,False,False
primary,dbe,control_internet_subject_v06_c01_20260809T064629Z,da3e01d6-2484-5a8a-acbf-0c326d1409cb,fa4d23df373654ba,130,0,suppressed_cooldown,live,,,0,,False,False
primary,dbe,control_internet_subject_v06_c01_20260809T064629Z,735a7149-f659-5d6f-9d99-a4dfecb2bb43,eb01ffd972572660,131,0,suppressed_cooldown,live,,,0,,False,False
primary,dbe,control_internet_subject_v06_c01_20260809T064629Z,c378d130-eb51-5774-a405-9496665bae93,a5022975a3b99901,132,0,suppressed_cooldown,live,,,0,,False,False
primary,dbe,control_internet_subject_v06_c01_20260809T064629Z,1917bd2f-ed64-527a-b550-88711bec2802,df61fd2b8766b291,133,0,suppressed_cooldown,live,,,0,,False,False
primary,dbe,control_internet_subject_v06_c01_20260809T064629Z,55c78abf-5f03-5e9b-855f-868ddd8b1061,f39cdb1498ac34f0,134,0,suppressed_cooldown,live,,,0,,False,False
primary,dbe,control_internet_subject_v06_c01_20260809T064629Z,a059a3e5-2769-52d8-9cff-b4e3b5b269c6,3f54292c81844b13,135,0,suppressed_cooldown,live,,,0,,False,False
primary,dbe,control_internet_subject_v06_c01_20260809T064629Z,fda1c43f-a85a-5e91-8369-9cfb9f59d6cb,6d917e7764513b37,136,0,suppressed_cooldown,live,,,0,,False,False
primary,dbe,control_internet_subject_v06_c01_20260809T064629Z,88d4b2d0-d19f-574e-81a6-807690beb2ce,95050e557523d1c3,137,1,delivered,live,live,90.322998046875,1,1067,False,True
primary,dbe,control_internet_subject_v06_c01_20260809T064629Z,1301b9b8-277b-59ec-a555-5db8030219e0,44b8c339e38b5511,138,0,suppressed_cooldown,live,,,0,,False,False
primary,dbe,control_internet_subject_v06_c01_20260809T064629Z,425f2659-9db9-5be3-8025-264f70545a38,9cc8a902f65e132c,139,1,delivered,live,live,92.321044921875,1,1075,False,True
primary,dbe,control_internet_subject_v06_c01_20260809T064629Z,4c9c6e2f-ce3e-5803-bfa5-71910c3b0c6a,192da8fdc79f7582,140,0,suppressed_cooldown,live,,,0,,False,False
primary,dbe,control_internet_subject_v06_c01_20260809T064629Z,2755fb0e-f6fc-573e-921a-1a40b5c0f7a9,2ebbb21df7078e5e,141,0,suppressed_cooldown,live,,,0,,False,False
primary,dbe,control_internet_subject_v06_c01_20260809T064629Z,694de7f4-d075-5748-be4e-0bd2815d9496,6ea9b31452e750a4,142,0,suppressed_cooldown,live,,,0,,False,False
primary,dbe,control_internet_subject_v06_c01_20260809T064629Z,7da5b97c-1d59-5530-8873-66473b9d81d5,15bfcb705f036f4a,143,0,suppressed_cooldown,live,,,0,,False,False
primary,dbe,control_internet_subject_v06_c01_20260809T064629Z,2a506676-9759-54c1-9a70-5f477c45e19a,8583dc869d3c3063,144,0,suppressed_cooldown,live,,,0,,False,False
primary,dbe,control_internet_subject_v06_c01_20260809T064629Z,3062ba07-7195-54e9-998e-9fb6abea1f9a,4662121648eb7771,145,1,delivered,live,live,94.4765625,1,1066,False,True
primary,dbe,control_internet_subject_v06_c01_20260809T064629Z,6224ad7a-ea69-5218-85fc-ca12b8308018,98d909714ead24ef,146,0,suppressed_cooldown,live,,,0,,False,False
primary,dbe,control_internet_subject_v06_c01_20260809T064629Z,88bc78b8-7320-5ae8-9a41-e969fb0eccd1,952a461c65fdf3cd,147,0,suppressed_cooldown,live,,,0,,False,False
primary,dbe,control_internet_subject_v06_c01_20260809T064629Z,01fbf32d-d5f1-519f-992c-99cf95156c89,ed8d6e420018a830,148,0,suppressed_cooldown,live,,,0,,False,False
primary,dbe,control_internet_subject_v06_c01_20260809T064629Z,fd458948-ade0-52d1-aa59-8145ecf54840,6e10c09ca8f3add0,149,0,suppressed_cooldown,live,,,0,,False,False
primary,dbe,control_internet_subject_v06_c01_20260809T064629Z,b71ea405-2d06-5611-9798-6205faece35e,6236e243b6138592,150,0,suppressed_cooldown,live,,,0,,False,False
primary,dbe,control_internet_subject_v06_c01_20260809T064629Z,71a98eb1-6ca0-56b2-a2aa-3b57d8ead073,c918ea2ef7edc898,151,1,delivered,live,live,96.1123046875,1,1074,False,True
primary,dbe,control_internet_subject_v06_c01_20260809T064629Z,d9fe3e1a-9b2a-5f79-96dd-bcb0f12ea781,f03c24d8aa677c69,152,0,suppressed_cooldown,live,,,0,,False,False
primary,dbe,control_internet_subject_v06_c01_20260809T064629Z,93972dfd-83d8-5ffd-8e78-e8bf32eba811,6a14f638bb53ab6f,153,0,suppressed_cooldown,live,,,0,,False,False
primary,dbe,control_internet_subject_v06_c01_20260809T064629Z,4bc127c8-2682-5a48-adc1-99f3282914b4,2064aa573f7fc311,154,0,suppressed_cooldown,live,,,0,,False,False
primary,dbe,control_internet_subject_v06_c01_20260809T064629Z,323a9616-6579-5942-b790-1936c635a8fb,cae035f8f297aedb,155,0,suppressed_cooldown,live,,,0,,False,False
primary,dbe,control_internet_subject_v06_c01_20260809T064629Z,3c05108c-ce7d-5e91-8663-7d5358e06249,5211b57b2102010a,156,0,suppressed_cooldown,live,,,0,,False,False
primary,dbe,control_internet_subject_v06_c01_20260809T064629Z,f848ecb3-82c1-54ea-8d0b-24d18e77307b,3f9f502d0d64ec58,157,0,suppressed_cooldown,live,,,0,,False,False
primary,dbe,control_internet_subject_v06_c01_20260809T064629Z,3fd64317-bef7-5bfb-9241-2be35ccebb57,4a2ed0fde5d114e6,158,0,suppressed_cooldown,live,,,0,,False,False
primary,dbe,control_internet_subject_v06_c01_20260809T064629Z,804b3815-c9ba-5d75-8e88-c69c38f580bb,5e537417285d9083,159,1,delivered,live,live,99.4765625,1,1069,False,True
primary,dbe,control_internet_subject_v06_c01_20260809T064629Z,ea57c9a6-7649-5d53-ab49-83cc29760303,c3a99a0baa17d99f,160,0,suppressed_cooldown,live,,,0,,False,False
primary,dbe,control_internet_subject_v06_c01_20260809T064629Z,5832fc0c-ebe7-5084-b211-fdf22c1fe151,790da6697ed221b3,161,0,suppressed_cooldown,live,,,0,,False,False
primary,dbe,control_internet_subject_v06_c01_20260809T064629Z,a16cd8f9-b102-54de-995d-cac87ea225f4,88e7a5a0381b4c8c,162,0,suppressed_cooldown,live,,,0,,False,False
primary,dbe,control_internet_subject_v06_c01_20260809T064629Z,7cb547e6-e26c-5aac-b619-a39ce29704d1,c75ef9b2532e5e92,163,0,suppressed_cooldown,live,,,0,,False,False
primary,dbe,control_internet_subject_v06_c01_20260809T064629Z,6c86b61b-097c-5416-9591-1d6750521276,1852de36500fe4f5,164,0,suppressed_cooldown,live,,,0,,False,False
primary,dbe,control_internet_subject_v06_c01_20260809T064629Z,b71f71df-af40-5ee1-8f2a-d2890186bb84,2c567342b4a078e0,165,1,delivered,live,live,102.025390625,1,1077,False,True
primary,dbe,control_internet_subject_v06_c01_20260809T064629Z,f3aeafcc-b365-5274-a958-d2e9e3a37d5b,0db5469955e79334,166,0,suppressed_cooldown,live,,,0,,False,False
primary,dbe,control_internet_subject_v06_c01_20260809T064629Z,1be05834-7133-5d16-9eff-aa450684d90b,a1b7d9a5fb454090,167,0,suppressed_cooldown,live,,,0,,False,False
primary,dbe,control_internet_subject_v06_c01_20260809T064629Z,5971eca4-bcb6-5030-b846-aebe629908c8,7ee59e886d7d9c06,168,0,suppressed_cooldown,live,,,0,,False,False
primary,dbe,control_internet_subject_v06_c01_20260809T064629Z,6dba6b87-c476-507e-bab5-59a31c523db3,dad227c346d556b6,169,0,suppressed_cooldown,live,,,0,,False,False
primary,dbe,control_internet_subject_v06_c01_20260809T064629Z,e9471ff6-1b17-5254-ac72-ff3c9109418a,287dfdb75bda48e2,170,0,suppressed_cooldown,live,,,0,,False,False
primary,dbe,control_internet_subject_v06_c01_20260809T064629Z,ade0c53d-f153-5461-91d1-6bc2f6266d09,911abf81069ad70d,171,0,suppressed_cooldown,live,,,0,,False,False
primary,dbe,control_internet_subject_v06_c01_20260809T064629Z,490d049e-7bc4-571a-a488-dd494f6e75d2,c54a9038ed038031,172,0,suppressed_cooldown,live,,,0,,False,False
primary,dbe,control_internet_subject_v06_c01_20260809T064629Z,2087379c-b5a3-5e8e-93b3-14aa0c9e7d9a,aea9dff9c412259e,173,0,suppressed_cooldown,live,,,0,,False,False
primary,dbe,control_internet_subject_v06_c01_20260809T064629Z,1bd3e366-5f1f-5292-a411-ed45f37f09ee,676d14c676bd9ae5,174,0,suppressed_cooldown,live,,,0,,False,False
primary,dbe,control_internet_subject_v06_c01_20260809T064629Z,4bba9da6-806a-5d12-8150-0caacc008b76,44ba2fbe872dc170,175,1,delivered,live,live,105.92626953125,1,1073,False,True
primary,dbe,control_internet_subject_v06_c01_20260809T064629Z,5bea0c2b-23cc-54f5-a6c0-d9de91e8ed26,c99395ef68214b9c,176,0,suppressed_cooldown,live,,,0,,False,False
primary,dbe,control_internet_subject_v06_c01_20260809T064629Z,fe017216-366b-5c5b-aada-d9c4ff16942b,2690c1e6b8f6a454,177,1,delivered,live,live,108.156494140625,1,1076,False,True
primary,dbe,control_internet_subject_v06_c01_20260809T064629Z,255df616-bc5a-5742-8d20-0c818aa3f8e2,ab590a9fdb61f6d4,178,0,suppressed_cooldown,live,,,0,,False,False
primary,dbe,control_internet_subject_v06_c01_20260809T064629Z,76d459d2-d50c-5903-9e61-9212ceb8131e,57b05ba20d847d90,179,0,suppressed_cooldown,live,,,0,,False,False
primary,dbe,control_internet_subject_v06_c01_20260809T064629Z,a76857ef-c2d3-5ae3-a046-bd09e7842435,6735a5ad4ec715b5,180,0,suppressed_cooldown,live,,,0,,False,False
primary,dbe,control_internet_subject_v06_c01_20260809T064629Z,dd5ccb89-9c2a-5fbe-b548-5cc0c243cfb0,a5c20349c125868c,181,0,suppressed_cooldown,live,,,0,,False,False
primary,dbe,control_internet_subject_v06_c01_20260809T064629Z,8d254e78-70b3-58c3-bdc5-3889fd3690f5,8ff6d8bb8e40ec84,182,1,delivered,live,live,112.082763671875,1,1073,False,True
primary,dbe,control_internet_subject_v06_c01_20260809T064629Z,bf0e7cb0-4ed3-56aa-b949-e03c89fc1fa5,0fdace39bb561d57,183,0,suppressed_cooldown,live,,,0,,False,False
primary,dbe,control_internet_subject_v06_c01_20260809T064629Z,d5c96c5d-75ac-5a53-9946-8716b1775373,6743a3c8e58135ef,184,0,suppressed_cooldown,live,,,0,,False,False
primary,dbe,control_internet_subject_v06_c01_20260809T064629Z,fdd704d9-3a82-574b-bce2-6770d67d671b,c04b6a6c9c943ca7,185,0,suppressed_cooldown,live,,,0,,False,False
primary,dbe,control_internet_subject_v06_c01_20260809T064629Z,4695b6a7-466d-5ad2-a5e1-bb705a49ef4b,88caa9ab19782002,186,0,suppressed_cooldown,live,,,0,,False,False
primary,dbe,control_internet_subject_v06_c01_20260809T064629Z,8ca2a19e-de35-5419-8995-419aadfe3efc,8a8ae58f787eb6e6,187,1,delivered,live,live,116.170166015625,1,1078,False,True
primary,dbe,control_internet_subject_v06_c01_20260809T064629Z,69c46601-8150-5810-9779-7ac0ea21226d,a024e611e6a188ca,188,0,suppressed_cooldown,live,,,0,,False,False
primary,dbe,control_internet_subject_v06_c01_20260809T064629Z,b529b4ff-1613-554d-a1f8-7575035ffaef,b4164cd736f636ee,189,0,suppressed_cooldown,live,,,0,,False,False
primary,dbe,control_internet_subject_v06_c01_20260809T064629Z,2c6c0586-05bd-5efd-8543-b4a5d3a87feb,9bf16575a71b211b,190,0,suppressed_cooldown,live,,,0,,False,False
primary,dbe,control_internet_subject_v06_c01_20260809T064629Z,1e9946ea-5fe8-5db5-953c-2c26390172d1,834871d78c67a695,191,0,suppressed_cooldown,live,,,0,,False,False
primary,dbe,control_internet_subject_v06_c01_20260809T064629Z,9e568b01-9306-5b77-a4a6-8b0d7814aa56,3e08a413ead3ca87,192,1,delivered,live,live,119.44287109375,1,1071,False,True
primary,dbe,control_internet_subject_v07_c01_20260809T064640Z,e6cf5abb-7501-519b-9f0c-e7ff7ea3ae08,97e14505c425fe98,0,1,delivered,live,live,34.96728515625,1,1070,True,True
primary,dbe,control_internet_subject_v07_c01_20260809T064640Z,8d6ccab5-7ec7-5fa9-b95e-319037faffcd,d275689a3e689c76,1,0,suppressed_cooldown,live,,,0,,False,False
primary,dbe,control_internet_subject_v07_c01_20260809T064640Z,114cce2d-4d39-52a7-a201-849950153f5d,e55ee5b4018c107c,2,1,delivered,live,live,37.38916015625,1,1065,False,True
primary,dbe,control_internet_subject_v07_c01_20260809T064640Z,b15e2bed-3926-537e-bda1-2baa65dd61ba,fe2532e47ee2df94,3,0,suppressed_cooldown,live,,,0,,False,False
primary,dbe,control_internet_subject_v07_c01_20260809T064640Z,fd0dc8bb-7ad3-5c26-bb2d-dd8bedd346c0,29f576520472ef48,4,0,suppressed_cooldown,live,,,0,,False,False
primary,dbe,control_internet_subject_v07_c01_20260809T064640Z,d5744405-fdea-52bc-b0ed-92c8b9067485,6fa983e5eca21968,5,0,suppressed_cooldown,live,,,0,,False,False
primary,dbe,control_internet_subject_v07_c01_20260809T064640Z,86cbdf4d-3a84-51e6-8608-19fc39fd0279,5ae1ab11a6fc7b05,6,0,suppressed_cooldown,live,,,0,,False,False
primary,dbe,control_internet_subject_v07_c01_20260809T064640Z,995085d4-0c40-567c-ae5a-0319c6f20c7a,c166b75a3d92525e,7,0,suppressed_cooldown,live,,,0,,False,False
primary,dbe,control_internet_subject_v07_c01_20260809T064640Z,8153660c-902e-55f4-911a-8a99018d962b,b1df05c77deb9433,8,0,suppressed_cooldown,live,,,0,,False,False
primary,dbe,control_internet_subject_v07_c01_20260809T064640Z,0915c18a-b9c6-5317-b852-2b02b11cc4cb,343e0f4325ff4ed0,9,0,suppressed_cooldown,live,,,0,,False,False
primary,dbe,control_internet_subject_v07_c01_20260809T064640Z,0a145fb9-8ce5-5009-adff-3a49ad3e7d6c,4f330bb6cba68c0c,10,0,suppressed_cooldown,live,,,0,,False,False
primary,dbe,control_internet_subject_v07_c01_20260809T064640Z,64e70e4a-cc88-5760-ad04-9488ce66c56f,9b3149c5174dc33f,11,0,suppressed_cooldown,live,,,0,,False,False
primary,dbe,control_internet_subject_v07_c01_20260809T064640Z,6b7c65ea-e8dd-581a-bba8-d2c241ab231e,9b0d46f59ea8ee90,12,0,suppressed_cooldown,live,,,0,,False,False
primary,dbe,control_internet_subject_v07_c01_20260809T064640Z,60855eb7-026b-5f29-ab93-3be20610296e,4298785761333f2e,13,0,suppressed_cooldown,live,,,0,,False,False
primary,dbe,control_internet_subject_v07_c01_20260809T064640Z,75b94672-4434-593d-bf28-efb2a450e69a,ef472ddc89da3f60,14,0,suppressed_cooldown,live,,,0,,False,False
primary,dbe,control_internet_subject_v07_c01_20260809T064640Z,5b375219-0ee2-5835-832e-8b1a3164179c,342fb61393e4d8a2,15,0,suppressed_cooldown,live,,,0,,False,False
primary,dbe,control_internet_subject_v07_c01_20260809T064640Z,643c9651-2ca0-5dc5-967b-ddff7e1fc48b,b0698263661e9e30,16,0,suppressed_cooldown,live,,,0,,False,False
primary,dbe,control_internet_subject_v07_c01_20260809T064640Z,808d1e25-f7e1-521e-bbba-8369eb2fdf07,961a422efb887706,17,0,suppressed_cooldown,live,,,0,,False,False
primary,dbe,control_internet_subject_v07_c01_20260809T064640Z,ebcfaa6b-6e05-5588-90ac-5949ae2a276a,97c8c435f211f8b3,18,0,suppressed_cooldown,live,,,0,,False,False
primary,dbe,control_internet_subject_v07_c01_20260809T064640Z,d0d88a36-35f0-5a52-95c4-d7358efd6476,e7d71939a3cb24b5,19,0,suppressed_cooldown,live,,,0,,False,False
primary,dbe,control_internet_subject_v07_c01_20260809T064640Z,d51c55b6-fbea-5517-aa97-732cee04288a,abd29e646db1930f,20,0,suppressed_cooldown,live,,,0,,False,False
primary,dbe,control_internet_subject_v07_c01_20260809T064640Z,6f817796-b5bf-551c-a41a-046e1f68fdf5,c538783b17a578ea,21,0,suppressed_cooldown,live,,,0,,False,False
primary,dbe,control_internet_subject_v09_c01_20260809T064642Z,2630d9d3-c851-57e5-b932-9b44bb5270bb,488ddd573680cc81,0,1,delivered,live,live,45.112060546875,1,1069,True,True
primary,dbe,control_internet_subject_v09_c01_20260809T064642Z,1abd0e08-ee41-53e8-bf05-6da2d74a6565,c9eb1bcfbe08959d,1,1,delivered,live,live,47.188232421875,1,1064,False,True
primary,dbe,control_internet_subject_v09_c01_20260809T064642Z,09ef5889-7b35-5d7d-9905-59cc6f3fd5c7,aed0b976fc50a22b,2,0,suppressed_cooldown,live,,,0,,False,False
primary,dbe,control_internet_subject_v09_c01_20260809T064642Z,8b9f1a20-5e71-5369-a750-ed4317085842,cc3c1e2a80fbe276,3,0,suppressed_cooldown,live,,,0,,False,False
primary,dbe,control_internet_subject_v09_c01_20260809T064642Z,97333d58-3733-51c4-915d-7c518aa9fe09,24890c7d732e56c2,4,0,suppressed_cooldown,live,,,0,,False,False
primary,dbe,control_internet_subject_v09_c01_20260809T064642Z,f433e37c-417a-578f-b38e-e5ba17e42187,cc425dbb4eeb59c1,5,0,suppressed_cooldown,live,,,0,,False,False
primary,dbe,control_internet_subject_v09_c01_20260809T064642Z,4c77afd4-1712-501c-8ad0-f592fb4baac9,28ca178af9245f07,6,0,suppressed_cooldown,live,,,0,,False,False
primary,dbe,control_internet_subject_v09_c01_20260809T064642Z,0b95bdb2-fc5a-5afa-bd5c-e10e7d3ea56d,0b821e5a3d417a05,7,0,suppressed_cooldown,live,,,0,,False,False
primary,dbe,control_internet_subject_v09_c01_20260809T064642Z,c87114fd-b5a6-58e0-ba1f-139b16ba3e1d,0b03d260932197b0,8,0,suppressed_cooldown,live,,,0,,False,False
primary,dbe,control_internet_subject_v09_c01_20260809T064642Z,f7fd7b14-8d14-56f6-9db1-b4c1890a4e81,e061e74141983db1,9,0,suppressed_cooldown,live,,,0,,False,False
primary,dbe,control_internet_subject_v09_c01_20260809T064642Z,d3065c62-71bd-52df-a617-26322755c014,f7f0cc4519884d68,10,0,suppressed_cooldown,live,,,0,,False,False
primary,dbe,control_internet_subject_v09_c01_20260809T064642Z,3cd09083-4495-5b86-b5fd-a6e212f1d3c5,a7b3d962a4295f6c,11,0,suppressed_cooldown,live,,,0,,False,False
primary,dbe,control_internet_subject_v09_c01_20260809T064642Z,94a75f16-a4e3-5541-b5ce-a8600a98778a,6bd3406f94381c35,12,0,suppressed_cooldown,live,,,0,,False,False
primary,dbe,control_internet_subject_v09_c01_20260809T064642Z,4dfb2207-10a7-56d4-868d-abd51587039d,03959d9d7d4736a7,13,0,suppressed_cooldown,live,,,0,,False,False
primary,dbe,control_internet_subject_v09_c01_20260809T064642Z,ceec4911-49a5-558b-906e-2f008cae251b,c8bd93c28b55ae96,14,0,suppressed_cooldown,live,,,0,,False,False
primary,dbe,control_internet_subject_v09_c01_20260809T064642Z,2ab5abe3-ffdd-59a1-bf17-b246f6e00378,59415a826f64fd10,15,0,suppressed_cooldown,live,,,0,,False,False
primary,dbe,control_internet_subject_v09_c01_20260809T064642Z,fc8a1581-6639-55ab-bc16-83d5149e6414,a99584fc81030b61,16,0,suppressed_cooldown,live,,,0,,False,False
primary,dbe,control_internet_subject_v09_c01_20260809T064642Z,14244f5d-6d61-5e31-ad47-79b941f7a391,034cf0bdcbb7a61d,17,0,suppressed_cooldown,live,,,0,,False,False
primary,dbe,control_internet_subject_v09_c01_20260809T064642Z,8fd37363-a4d3-59a2-9800-3589576a444d,1cbd6a2598ad1cb2,18,0,suppressed_cooldown,live,,,0,,False,False
primary,dbe,control_internet_subject_v09_c01_20260809T064642Z,c3480e81-33d7-5904-ad6c-b997d5e41c8d,962dd62bd44858a8,19,1,delivered,live,live,53.521484375,1,1070,False,True
primary,dbe,control_internet_subject_v09_c01_20260809T064642Z,a237bda8-8473-5219-bd5c-b6449b97208c,725fecbff008bca1,20,0,suppressed_cooldown,live,,,0,,False,False
primary,dbe,control_internet_subject_v09_c01_20260809T064642Z,23f35109-e7ac-5b2a-bb6f-4b37cb81bd10,6ade69b3ba9b2309,21,0,suppressed_cooldown,live,,,0,,False,False
primary,dbe,control_internet_subject_v10_c01_20260809T064644Z,edbf4fd8-b1be-55f8-bbd2-b179369f65b5,179f3102e9d3364d,0,1,delivered,live,live,34.920654296875,1,1070,True,True
primary,dbe,control_internet_subject_v10_c01_20260809T064644Z,b10bee7d-ecd5-5f30-85c7-ea8fa97e9e88,f379e6bb34f6bd16,1,1,delivered,live,live,37.043701171875,1,1063,False,True
primary,dbe,control_internet_subject_v10_c01_20260809T064644Z,a173c9d3-4d9c-52bd-ad44-10860a2efbfc,653c00b968ecc1c5,2,0,suppressed_cooldown,live,,,0,,False,False
primary,dbe,control_internet_subject_v10_c01_20260809T064644Z,cf2a7489-885a-5641-9570-e505bacdaf39,f621553635b52e1d,3,0,suppressed_cooldown,live,,,0,,False,False
primary,dbe,control_internet_subject_v10_c01_20260809T064644Z,32c45ce2-e220-5db8-add7-b4b24b86a7c6,ffaa704472e84729,4,0,suppressed_cooldown,live,,,0,,False,False
primary,dbe,control_internet_subject_v10_c01_20260809T064644Z,ce068c15-e331-540b-84b3-b733dfa18dc2,2d65e1cfe8d6449c,5,0,suppressed_cooldown,live,,,0,,False,False
primary,dbe,control_internet_subject_v10_c01_20260809T064644Z,ba8f8207-21ce-549a-a23d-67dbe5d4d55b,772bc442e4da7378,6,0,suppressed_cooldown,live,,,0,,False,False
primary,dbe,control_internet_subject_v10_c01_20260809T064644Z,51693b1f-40cb-518c-8294-88a8ca2d8ef0,89f1543bec6d14c9,7,0,suppressed_cooldown,live,,,0,,False,False
primary,dbe,control_internet_subject_v10_c01_20260809T064644Z,d2df050f-fb4f-5696-b93f-55eaacd07eb5,974ebc03cba24da0,8,0,suppressed_cooldown,live,,,0,,False,False
primary,dbe,control_internet_subject_v10_c01_20260809T064644Z,bd33f5e0-69b2-5815-871d-998049cb12cd,6887e7b89ff62c7d,9,0,suppressed_cooldown,live,,,0,,False,False
primary,dbe,control_internet_subject_v10_c01_20260809T064644Z,4bfe82dd-007d-56d1-b5b9-1f3cb21b208f,92e856e24268aad7,10,0,suppressed_cooldown,live,,,0,,False,False
primary,dbe,control_internet_subject_v10_c01_20260809T064644Z,f37cc8f7-12a6-59ac-b315-819fa0f5ef3d,eaecc1a1a40d1c3d,11,0,suppressed_cooldown,live,,,0,,False,False
primary,dbe,control_internet_subject_v10_c01_20260809T064644Z,9f2a8359-beb4-56fd-b240-a47ad8aed59a,87b8975d550fb227,12,0,suppressed_cooldown,live,,,0,,False,False
primary,dbe,control_internet_subject_v10_c01_20260809T064644Z,fb3c9d82-a920-5b1e-9447-356101b88034,3fa482afe97cd4ed,13,1,delivered,live,live,40.446044921875,1,1068,False,True
primary,dbe,control_internet_subject_v10_c01_20260809T064644Z,aa8860b7-b286-5a11-a78c-2aab65a2a198,83c931dbb63e0bb7,14,1,delivered,live,live,41.924072265625,1,1074,False,True
primary,dbe,control_internet_subject_v10_c01_20260809T064644Z,3f3ae5a0-2aa9-5058-b102-2ac085fa2710,5773a36529efb430,15,0,suppressed_cooldown,live,,,0,,False,False
primary,dbe,control_internet_subject_v10_c01_20260809T064644Z,2a6686a1-5969-5a99-af9b-f131f5e42073,6729efdc7d67605c,16,0,suppressed_cooldown,live,,,0,,False,False
primary,dbe,control_internet_subject_v10_c01_20260809T064644Z,d394ce03-e055-5574-95bf-f0ffff8043d2,2bbbb1d876349074,17,0,suppressed_cooldown,live,,,0,,False,False
primary,dbe,control_internet_subject_v10_c01_20260809T064644Z,af0eb853-ae3e-5f6d-b7cc-79aa351f1e23,0e8566b5537c36a5,18,0,suppressed_cooldown,live,,,0,,False,False
primary,dbe,control_internet_subject_v10_c01_20260809T064644Z,91c3d1fc-1f3b-5051-be8d-7ff46e70ce94,f090cbbbf201253d,19,0,suppressed_cooldown,live,,,0,,False,False
primary,dbe,control_rt_s15_a_p1_c02_20260805T035118Z,da703d13-4654-5bc7-8bc2-42587a1606ed,dfc09ed302d8e9bd,0,1,delivered,live,live,45.551513671875,1,1032,True,True
primary,dbe,control_rt_s15_a_p1_c02_20260805T035118Z,88855630-5242-52a0-8195-700d27e1dd49,ce588c74d17e2d5a,1,0,suppressed_cooldown,live,,,0,,False,False
primary,dbe,control_rt_s15_a_p1_c03_20260805T035126Z,5dc59b7c-1e04-53ef-99f5-c43b2af18995,96cb90bfad79daf1,0,1,delivered,live,live,43.838134765625,1,1031,True,True
primary,dbe,control_rt_s15_a_p1_c04_20260805T035139Z,68cb92eb-d989-5a63-8ff9-533442ed6048,10aab43431164e28,0,1,delivered,live,live,43.726806640625,1,1033,True,True
primary,dbe,control_rt_s15_a_p1_c05_20260805T035147Z,d6809fff-6faf-5f60-b41b-3f9342b090f5,ffd8e573d83fcb4d,0,1,delivered,live,live,31.76904296875,1,1030,True,True
primary,dbe,control_rt_s15_a_p1_c06_20260805T035158Z,2266e8e7-ba65-5381-a624-09fc338f2ac0,928675d128f72ac4,0,1,delivered,live,live,44.9921875,1,1031,True,True
primary,dbe,control_rt_s15_a_p1_c07_20260805T035207Z,bc83f037-4d9a-5150-87ff-1f6306f881f5,42f6dbdd42fa3e0a,0,1,delivered,live,live,32.783203125,1,1032,True,True
primary,dbe,control_rt_s15_a_p1_c08_20260805T035217Z,9ceb9db1-5a2d-55cd-b97b-ee424eaa2969,da60f1170b9b7bef,0,1,delivered,live,live,47.7001953125,1,1032,True,True
primary,dbe,control_rt_s15_a_p1_c08_20260805T035217Z,0e0d4c60-ab0a-5c36-9964-8bfef43ddaaa,e01642316338225c,1,0,suppressed_cooldown,live,,,0,,False,False
primary,dbe,control_rt_s15_a_p1_c09_20260805T035228Z,9deafe82-5845-5287-88e3-a4e28db69908,c052ba18d6aecac9,0,1,delivered,live,live,43.688232421875,1,1031,True,True
primary,dbe,control_rt_s15_a_p1_c10_20260805T035240Z,fe242ee7-d4f9-563c-8350-293c2269d881,4e1b85c085180ab4,0,1,delivered,live,live,42.931640625,1,1031,True,True
primary,dbe,control_rt_s15_a_p1_c11_20260805T035251Z,eba671fe-dc4b-52ca-9f8a-03efc1931de9,050a3bbdbec1c445,0,1,delivered,live,live,47.148193359375,1,1032,True,True
primary,dbe,control_rt_s15_a_p1_c12_20260805T035301Z,e24dcc02-e149-5255-94a8-28a294a45bd3,d68a3db018d92ba1,0,1,delivered,live,live,36.9560546875,1,1033,True,True
primary,dbe,control_rt_s15_a_p2_c02_20260805T035331Z,6b176259-c0ed-52da-854d-91014667d5fc,b97eff3a6e666528,0,1,delivered,live,live,38.6435546875,1,1027,True,True
primary,dbe,control_rt_s15_a_p2_c05_20260805T035420Z,461ef9c2-3976-53aa-aee3-87d207cdc12d,3956291ced2952aa,0,1,delivered,live,live,47.184814453125,1,1034,True,True
primary,dbe,control_rt_s15_a_p4_c01_20260805T035450Z,8cf6b91e-bcc4-5987-87bd-363879b3a1a9,ee0934804c59e715,0,1,delivered,live,live,41.98193359375,1,1032,True,True
primary,dbe,control_rt_s15_a_p4_c02_20260805T035503Z,3c4ff334-3c0f-5edc-9d74-9597a6aac81f,0df71e1d62c53fc1,0,1,delivered,live,live,40.89111328125,1,1030,True,True
primary,dbe,control_rt_s15_a_p6_c01_20260805T035556Z,df22b35b-e261-5b99-92f8-ba0735d085a2,4b8fb15a12ec1f19,0,1,delivered,live,live,39.808349609375,1,1033,True,True
primary,dbe,control_rt_s15_a_p6_c01_20260805T035556Z,d0a6ca69-9249-5293-9999-f0ee3d228a29,a8fd573c2b43f48d,1,1,delivered,live,live,41.726318359375,1,1029,False,True
primary,dbe,control_rt_s15_a_p6_c02_20260805T035617Z,00ee81e4-2dfc-5fb9-865b-afd77d2311ad,e25ff1cba3db9ea0,0,1,delivered,live,live,42.83154296875,1,1033,True,True
primary,dbe,control_rt_s15_a_p7_c01_20260805T035632Z,89bffdea-7991-5fd9-8450-6bb2d56dc870,97b578640b678d30,0,1,delivered,live,live,39.52880859375,1,1031,True,True
primary,dbe,control_rt_s15_a_p7_c02_20260805T035646Z,bce79325-0e39-5b79-a64e-e0c7bf64a62c,b767ee40674c0816,0,1,delivered,live,live,47.986328125,1,1029,True,True
primary,dbe,control_rt_s15_a_p7_c02_20260805T035646Z,18414416-a1fa-5d4e-993c-18422e8cbae8,c780d84a92cbacf5,1,1,delivered,live,live,50.467041015625,1,1029,False,True
primary,dbe,control_rt_s15_a_p7_c03_20260805T035701Z,16dd298b-e1a0-5830-97d8-99905fc0e8fe,cd533ec6645ea111,0,1,delivered,live,live,57.19140625,1,1031,True,True
primary,dbe,control_rt_s15_a_p7_c03_20260805T035701Z,573698cf-d4d8-59ab-908b-1841c0507315,77f0fcbde558ecf7,1,0,suppressed_cooldown,live,,,0,,False,False
primary,dbe,control_rt_s15_a_p7_c03_20260805T035701Z,08a757b7-03a9-51e6-9f90-4245543768c3,a407a230c2431d22,2,1,delivered,live,live,61.770263671875,1,1029,False,True
primary,dbe,control_rt_s15_a_p7_c04_20260805T035713Z,56a00888-4d83-557b-baa5-238d53c21b20,4709dc3c915fb723,0,1,delivered,live,live,37.854736328125,1,1031,True,True
primary,dbe,control_rt_s15_a_p8_c01_20260805T035732Z,9a39072f-b042-5bef-ab58-ca49b7ee1a5e,b296e29871aa26d6,0,1,delivered,live,live,46.71484375,1,1032,True,True
primary,dbe,control_rt_s15_a_p8_c01_20260805T035732Z,407f0cad-0965-59d0-bc70-6ae785c406e0,02a4c7f57ed36890,1,1,delivered,live,live,49.63232421875,1,1028,False,True
primary,dbe,control_rt_s15_a_p9_c01_20260805T035743Z,4992f208-75df-59a0-b96b-0a53c21907c9,1874f6a2f7acf96b,0,1,delivered,live,live,43.60693359375,1,1031,True,True
primary,dbe,control_rt_s15_a_p9_c02_20260805T035755Z,d010a924-9025-5e49-a9f8-460dcb4e7ec3,8d91d13416a2c5bc,0,1,delivered,live,live,40.9599609375,1,1032,True,True
primary,dbe,control_rt_s15_a_p9_c03_20260805T035806Z,c5dceb65-3dec-5597-b602-ad887ed23f5e,d24c6276d38b5876,0,1,delivered,live,live,52.485595703125,1,1032,True,True
primary,dbe,control_rt_s15_a_p9_c06_20260805T035816Z,310c4cd3-99b4-5387-995b-a3078a9e65ec,e930e705c23fe8f9,0,1,delivered,live,live,47.542724609375,1,1032,True,True
primary,dbe,control_rt_s15_a_p9_c08_20260805T035827Z,3b8e82df-8093-5977-be2a-f6089c506be3,150b893527786ee0,0,1,delivered,live,live,70.624267578125,1,1032,True,True
primary,dbe,control_rt_s15_subject_a_p1_c02_20260805T040438Z,2d91efea-c881-5d11-b26d-d1a2d6faca6d,9d452e64ea2d2526,0,1,delivered,live,live,48.598876953125,1,1076,True,True
primary,dbe,control_rt_s15_subject_a_p1_c02_20260805T040438Z,aa6c66cb-ec02-597b-b4c3-0962d035585b,b12a29b67c397121,1,0,suppressed_cooldown,live,,,0,,False,False
primary,dbe,control_rt_s15_subject_a_p1_c03_20260805T040439Z,a0455037-8101-59ec-a8a6-c7bcdccf6d7e,523620b200da0f12,0,1,delivered,live,live,41.567138671875,1,1075,True,True
primary,dbe,control_rt_s15_subject_a_p1_c04_20260805T040440Z,6f4178a6-59c4-506a-9c1f-b45986d44449,47c7861c876ca8dc,0,1,delivered,live,live,43.97802734375,1,1077,True,True
primary,dbe,control_rt_s15_subject_a_p1_c04_20260805T040440Z,5ca9acfe-748a-5881-9d53-bd57fc76cf5c,5b34226e7a7ccc3f,1,0,suppressed_cooldown,live,,,0,,False,False
primary,dbe,control_rt_s15_subject_a_p1_c05_20260805T040440Z,7d411b85-7309-5696-bf97-725f86ac2e9d,f76b7ba8b1879ebd,0,1,delivered,live,live,35.998779296875,1,1076,True,True
primary,dbe,control_rt_s15_subject_a_p1_c06_20260805T040441Z,4e5f425c-ee45-5e2e-8e16-13a1adb80c44,4badf654c6847e26,0,1,delivered,live,live,43.518798828125,1,1075,True,True
primary,dbe,control_rt_s15_subject_a_p1_c07_20260805T040441Z,53b93a74-433f-5d7b-bcef-10af1b3abf1d,94bdae4581aba7b4,0,1,delivered,live,live,32.98828125,1,1076,True,True
primary,dbe,control_rt_s15_subject_a_p1_c08_20260805T040442Z,a9744d55-37fe-531c-8bab-adb372413359,d56b00b618b3c542,0,1,delivered,live,live,41.87060546875,1,1075,True,True
primary,dbe,control_rt_s15_subject_a_p1_c08_20260805T040442Z,df1d0254-8b24-5bf6-acef-ff72a0593e20,7f0cfab3743059fe,1,0,suppressed_cooldown,live,,,0,,False,False
primary,dbe,control_rt_s15_subject_a_p1_c09_20260805T040442Z,2e8528eb-e320-5d8d-af71-6d27eee3d911,8978c08c214e1af7,0,1,delivered,live,live,30.8466796875,1,1075,True,True
primary,dbe,control_rt_s15_subject_a_p1_c10_20260805T040443Z,a1e6377a-fddc-54cd-b45c-90bf9ce948f3,670c22b037696fcf,0,1,delivered,live,live,43.643310546875,1,1076,True,True
primary,dbe,control_rt_s15_subject_a_p1_c10_20260805T040443Z,a517f687-49f0-5b7d-bd2c-2cadd3f0fb44,93add906e0969d25,1,0,suppressed_cooldown,live,,,0,,False,False
primary,dbe,control_rt_s15_subject_a_p1_c11_20260805T040443Z,01a54c95-f117-56e2-a75f-92b17f260a86,c78c191a1e86ea8c,0,1,delivered,live,live,41.69482421875,1,1076,True,True
primary,dbe,control_rt_s15_subject_a_p1_c12_20260805T040444Z,da79a91e-d092-5de3-826e-75b976e86646,546f5fc66e1b7de2,0,1,delivered,live,live,45.6552734375,1,1077,True,True
primary,dbe,control_rt_s15_subject_a_p2_c02_20260805T040445Z,df4a60b2-efba-5699-8bd5-695b4f39b635,df79d511ef718d0b,0,1,delivered,live,live,48.51806640625,1,1071,True,True
primary,dbe,control_rt_s15_subject_a_p2_c05_20260805T040446Z,c1611dc9-a85a-51ba-9f46-9378efeb729e,7f57029a98490fa3,0,1,delivered,live,live,37.776611328125,1,1078,True,True
primary,dbe,control_rt_s15_subject_a_p4_c01_20260805T040448Z,957fd154-9f2d-5d18-9838-052bf4602710,afa196938a635631,0,1,delivered,live,live,45.87255859375,1,1076,True,True
primary,dbe,control_rt_s15_subject_a_p4_c02_20260805T040448Z,1664df08-9072-5a1e-a5bc-8bc9ac9ab7ff,7f26c08d18473de1,0,1,delivered,live,live,35.10205078125,1,1075,True,True
primary,dbe,control_rt_s15_subject_a_p6_c01_20260805T040450Z,fb843a2f-995d-5081-95ad-66b51bb4edfe,f5642738410f405e,0,1,delivered,live,live,46.603515625,1,1077,True,True
primary,dbe,control_rt_s15_subject_a_p6_c01_20260805T040450Z,8700947d-dacd-556f-b9ea-dcc08582a6f7,5ef496093f6e7175,1,1,delivered,live,live,49.60302734375,1,1073,False,True
primary,dbe,control_rt_s15_subject_a_p6_c01_20260805T040450Z,a68c2223-c0a2-5ec4-b9a6-40d7a4b42da9,7f0ef328b72da832,2,0,suppressed_cooldown,live,,,0,,False,False
primary,dbe,control_rt_s15_subject_a_p6_c02_20260805T040450Z,08b95434-7509-5e84-81a3-774e2085ac0c,dc24c15bbd4a2666,0,1,delivered,live,live,32.658447265625,1,1077,True,True
primary,dbe,control_rt_s15_subject_a_p6_c02_20260805T040450Z,f364440f-45e3-5dd0-8fb3-60991a2dd1c4,cbda4ad8e3158daf,1,1,delivered,live,live,35.6494140625,1,1076,False,True
primary,dbe,control_rt_s15_subject_a_p7_c01_20260805T040451Z,8932f027-f051-517e-9df9-701a81e4fc2a,eede8d14307c7115,0,1,delivered,live,live,41.49560546875,1,1077,True,True
primary,dbe,control_rt_s15_subject_a_p7_c02_20260805T040451Z,ecef63b5-a839-562d-989b-fc77392f6282,7dfa859f7b43b88a,0,1,delivered,live,live,29.568359375,1,1077,True,True
primary,dbe,control_rt_s15_subject_a_p7_c02_20260805T040451Z,636968a1-035c-5ca4-b212-3a26581d0de0,0b154c920cd26506,1,0,suppressed_cooldown,live,,,0,,False,False
primary,dbe,control_rt_s15_subject_a_p7_c02_20260805T040451Z,93355ed7-dd57-5db5-a941-e58bfa8f41b8,28e124a069698ec4,2,0,suppressed_cooldown,live,,,0,,False,False
primary,dbe,control_rt_s15_subject_a_p7_c03_20260805T040452Z,8df5e10e-59a8-519e-a3ad-899d18cc7169,01adfc0ee73e4b8f,0,1,delivered,live,live,47.0302734375,1,1075,True,True
primary,dbe,control_rt_s15_subject_a_p7_c03_20260805T040452Z,e36dd021-a766-5a1b-8617-217c56f9ce24,09ea8dca89836d42,1,0,suppressed_cooldown,live,,,0,,False,False
primary,dbe,control_rt_s15_subject_a_p7_c04_20260805T040452Z,ab3401f7-fdcc-5dea-aaa5-65a3e3d59e38,4c030f5234364e28,0,1,delivered,live,live,37.0302734375,1,1074,True,True
primary,dbe,control_rt_s15_subject_a_p8_c01_20260805T040453Z,05060852-77f0-5457-812b-77a2b58f4c8c,88da410f6589b824,0,1,delivered,live,live,42.06494140625,1,1076,True,True
primary,dbe,control_rt_s15_subject_a_p8_c01_20260805T040453Z,9a156344-5e04-5b8f-b5df-556e5ac83f79,d9f242ab691c3941,1,0,suppressed_cooldown,live,,,0,,False,False
primary,dbe,control_rt_s15_subject_a_p9_c01_20260805T040453Z,492cc2cc-53f9-58de-bfaa-ca0a545b34bb,5c9a877b063805fa,0,1,delivered,live,live,33.5546875,1,1076,True,True
primary,dbe,control_rt_s15_subject_a_p9_c02_20260805T040454Z,5a29f155-a656-577c-b6a4-f4e1d58f7f65,a183a43ded1ec950,0,1,delivered,live,live,44.26904296875,1,1076,True,True
primary,dbe,control_rt_s15_subject_a_p9_c02_20260805T040454Z,8036a877-1a48-5ce9-9617-2c2f6dc3fc9b,f3c98dfc1d10cb33,1,0,suppressed_cooldown,live,,,0,,False,False
primary,dbe,control_rt_s15_subject_a_p9_c03_20260805T040454Z,6237be64-63fd-5722-b147-25e92f4cc6e6,7a041ba738bde82d,0,1,delivered,live,live,42.644775390625,1,1076,True,True
primary,dbe,control_rt_s15_subject_a_p9_c06_20260805T040455Z,5b06d565-4ba4-5604-99bd-7d0c6c847cdd,ae982d1c49c93105,0,1,delivered,live,live,42.03125,1,1076,True,True
primary,dbe,control_rt_s15_subject_a_p9_c08_20260805T040455Z,33f0669f-02ab-54aa-bb0c-8b88e8067324,3b11a9cba7108e87,0,1,delivered,live,live,33.8603515625,1,1076,True,True
primary,dbe,control_rt_s26_a_p1_c02_20260805T035850Z,10001539-8803-57a5-b69f-184075abf4b0,450434042e24dbe0,0,1,delivered,live,live,44.22998046875,1,1032,True,True
primary,dbe,control_rt_s26_a_p1_c03_20260805T035859Z,62a3bf0c-4479-5b22-9e50-3619ec787595,29432e69cf434c01,0,1,delivered,live,live,34.76025390625,1,1033,True,True
primary,dbe,control_rt_s26_a_p1_c04_20260805T035910Z,dd83c118-7dbc-5a45-a47f-2d5e2cded700,4f4618b94ab9f1a1,0,1,delivered,live,live,45.16796875,1,1033,True,True
primary,dbe,control_rt_s26_a_p1_c05_20260805T035916Z,bd61246e-aee8-5772-8b1c-35e2098ec50d,f5fec32c66abcdaa,0,1,delivered,live,live,37.92041015625,1,1032,True,True
primary,dbe,control_rt_s26_a_p1_c06_20260805T035925Z,30a721d6-24bb-56a1-89a4-afb46431a609,fa01d35b21e0f90f,0,1,delivered,live,live,43.877197265625,1,1033,True,True
primary,dbe,control_rt_s26_a_p1_c07_20260805T035931Z,e9eb3fa4-a9f9-5400-9f2b-261a88cb7c2c,03b14c23c203f412,0,1,delivered,live,live,33.419677734375,1,1031,True,True
primary,dbe,control_rt_s26_a_p1_c08_20260805T035940Z,2204cd0f-41f0-5100-9c08-e01064aff730,d919abd2199bd2d0,0,1,delivered,live,live,44.73095703125,1,1033,True,True
primary,dbe,control_rt_s26_a_p1_c09_20260805T035949Z,5dc370b9-2cc6-535f-8f83-bcdd8993d1af,6b6a4fccf93c3ea5,0,1,delivered,live,live,32.747802734375,1,1032,True,True
primary,dbe,control_rt_s26_a_p1_c10_20260805T035957Z,a16db793-3133-5249-931e-8010916fba91,e9f9c5afb8882316,0,1,delivered,live,live,48.689453125,1,1028,True,True
primary,dbe,control_rt_s26_a_p1_c11_20260805T040006Z,4ed13197-1aae-59cd-b9e8-9112876a9f71,51b2eb950279b4f3,0,1,delivered,live,live,36.631591796875,1,1033,True,True
primary,dbe,control_rt_s26_a_p1_c12_20260805T040015Z,7801275c-6d3b-59f0-82cf-dac18de716b5,fe81aefcbd5c37ae,0,1,delivered,live,live,51.492431640625,1,1030,True,True
primary,dbe,control_rt_s26_a_p2_c02_20260805T040040Z,131cefda-8d88-502c-a4f1-2de93b3f3677,63526f9d4f4b2ae4,0,1,delivered,live,live,47.921142578125,1,1028,True,True
primary,dbe,control_rt_s26_a_p2_c05_20260805T040117Z,d1d20a45-0b48-5cfd-9c26-f302032014cc,161180a3517df682,0,1,delivered,live,live,37.763916015625,1,1035,True,True
primary,dbe,control_rt_s26_a_p4_c01_20260805T040141Z,61b525dd-fd5e-5575-9de2-58af6495c657,a64733042dca5955,0,1,delivered,live,live,43.12109375,1,1034,True,True
primary,dbe,control_rt_s26_a_p4_c02_20260805T040152Z,3f5c3415-d603-5a81-b16f-1d1f47a1ceef,161eb37a57ce6034,0,1,delivered,live,live,38.33935546875,1,1032,True,True
primary,dbe,control_rt_s26_a_p6_c01_20260805T040231Z,534423f7-44ad-5f66-a6de-17a6200b8e24,f52305611c701b23,0,1,delivered,live,live,43.0595703125,1,1033,True,True
primary,dbe,control_rt_s26_a_p6_c01_20260805T040231Z,c80cd2b0-8a47-5ca9-ad7f-d90f81132726,af1aafca21834f74,1,1,delivered,live,live,45.953857421875,1,1029,False,True
primary,dbe,control_rt_s26_a_p6_c02_20260805T040246Z,3fe1681a-2f41-53dc-9bda-1d217ebf8c12,fd984bc5ced8468e,0,1,delivered,live,live,36.575927734375,1,1033,True,True
primary,dbe,control_rt_s26_a_p7_c01_20260805T040257Z,de01ed16-fc90-5b0a-8a89-73ccdbc31a9b,1a622f68c6fd7b3f,0,1,delivered,live,live,44.525390625,1,1033,True,True
primary,dbe,control_rt_s26_a_p7_c02_20260805T040307Z,5c41bb46-fbf9-55f6-b600-6b0d13d97ef3,d1073dc50393635d,0,1,delivered,live,live,34.946533203125,1,1032,True,True
primary,dbe,control_rt_s26_a_p7_c02_20260805T040307Z,ba6757f8-63e4-5b7a-afb0-ef09acd59e32,0147cb45dcef590e,1,0,suppressed_cooldown,live,,,0,,False,False
primary,dbe,control_rt_s26_a_p7_c02_20260805T040307Z,32b9c49f-19eb-5cda-8835-d112050c5bf3,f7bf4f8eaf40ae7f,2,1,delivered,live,live,37.49169921875,1,1028,False,True
primary,dbe,control_rt_s26_a_p7_c03_20260805T040318Z,ad6903be-678a-54a9-8753-6f7bbcf1a43f,d34f4e1ecdbd9687,0,1,delivered,live,live,43.403076171875,1,1033,True,True
primary,dbe,control_rt_s26_a_p7_c03_20260805T040318Z,7c93d82f-b30a-5eaa-a921-e3834502552f,8c609f4f59d9e1ee,1,1,delivered,live,live,45.22900390625,1,1029,False,True
primary,dbe,control_rt_s26_a_p7_c04_20260805T040326Z,df259cd8-bb59-5222-b6cd-db9dddf38645,fa891997d3ebcdb1,0,1,delivered,live,live,33.45458984375,1,1032,True,True
primary,dbe,control_rt_s26_a_p8_c01_20260805T040339Z,1b73fc4f-090d-592f-aef1-49a6ba4433cb,35c5932ad97b9ef4,0,1,delivered,live,live,44.433349609375,1,1032,True,True
primary,dbe,control_rt_s26_a_p8_c01_20260805T040339Z,58e0cba2-53b0-55a2-a1af-ff68d8a8283d,62af967ec7efed30,1,1,delivered,live,live,46.687744140625,1,1029,False,True
primary,dbe,control_rt_s26_a_p9_c01_20260805T040347Z,2cb770db-1589-5460-96f2-a9effd08de67,c4cd003a3dea1919,0,1,delivered,live,live,41.79736328125,1,1031,True,True
primary,dbe,control_rt_s26_a_p9_c02_20260805T040356Z,676a4d2c-04f0-55f8-b438-f61aa6389823,8435ed43527f7a96,0,1,delivered,live,live,40.87744140625,1,1032,True,True
primary,dbe,control_rt_s26_a_p9_c03_20260805T040404Z,a888aba5-3f58-5794-b56b-4c1843b602af,dadceb09daf9e172,0,1,delivered,live,live,37.257568359375,1,1032,True,True
primary,dbe,control_rt_s26_a_p9_c06_20260805T040413Z,b5f49b3b-5400-516d-97df-adaa23e0ec2d,8b21de22504c2b29,0,1,delivered,live,live,47.077880859375,1,1035,True,True
primary,dbe,control_rt_s26_a_p9_c08_20260805T040419Z,0a56a4ab-b648-5bf3-8337-eac458f79a28,04c44c044530267d,0,1,delivered,live,live,53.07666015625,1,1030,True,True
primary,dbe,control_rt_s26_subject_a_p1_c02_20260805T040456Z,c259e430-5d60-557d-b290-2b46134d5241,ae1c13beb3796f47,0,1,delivered,live,live,42.8857421875,1,1078,True,True
primary,dbe,control_rt_s26_subject_a_p1_c03_20260805T040456Z,8348ef9b-52f6-5b35-a84a-6facc3bf79e2,efb0c8ec87b2d089,0,1,delivered,live,live,43.2197265625,1,1076,True,True
primary,dbe,control_rt_s26_subject_a_p1_c04_20260805T040457Z,215e89d0-cb8a-5155-8a48-4e42d8e43847,474d329d4685fd37,0,1,delivered,live,live,33.288330078125,1,1077,True,True
primary,dbe,control_rt_s26_subject_a_p1_c04_20260805T040457Z,b490fd31-f24b-536c-97a1-b8e8f0cce9b8,13bcd062a5428037,1,0,suppressed_cooldown,live,,,0,,False,False
primary,dbe,control_rt_s26_subject_a_p1_c05_20260805T040457Z,8bd2dd24-48b8-5a9c-8c1b-909e6244da43,e7931a4488ee694d,0,1,delivered,live,live,48.20068359375,1,1076,True,True
primary,dbe,control_rt_s26_subject_a_p1_c06_20260805T040458Z,c9e65a3f-da9e-5c53-ba17-4d3f4ef2271e,1f3547da5e01fc9e,0,1,delivered,live,live,34.580078125,1,1077,True,True
primary,dbe,control_rt_s26_subject_a_p1_c07_20260805T040458Z,ef0f108c-83bc-5e09-9d0a-611551c5e205,660177bf1444c9e6,0,1,delivered,live,live,42.639892578125,1,1076,True,True
primary,dbe,control_rt_s26_subject_a_p1_c08_20260805T040459Z,524e05ec-1424-543d-bad0-842cc4c7a5fb,082540cb3d9d2d5e,0,1,delivered,live,live,38.28955078125,1,1077,True,True
primary,dbe,control_rt_s26_subject_a_p1_c09_20260805T040459Z,bd87aa68-a666-5df1-8a8f-84b01c7ea1a6,ec74f2cea0e7ad92,0,1,delivered,live,live,47.35498046875,1,1076,True,True
primary,dbe,control_rt_s26_subject_a_p1_c10_20260805T040500Z,e6775886-b91f-5fb8-bb0e-efcb6055c306,91b2975c8a6163e4,0,1,delivered,live,live,34.902099609375,1,1072,True,True
primary,dbe,control_rt_s26_subject_a_p1_c10_20260805T040500Z,03fbe13e-00b0-5cf1-be0c-7d83ade52cc6,ccd2faa9a95c84f5,1,0,suppressed_cooldown,live,,,0,,False,False
primary,dbe,control_rt_s26_subject_a_p1_c11_20260805T040500Z,fed38094-0b57-5a5d-a565-2329fbe24634,c4048a8ae7273fcd,0,1,delivered,live,live,46.358154296875,1,1077,True,True
primary,dbe,control_rt_s26_subject_a_p1_c12_20260805T040501Z,31f0465d-27e8-5cbb-98b6-779ed09ee650,4ef0be29eca4559b,0,1,delivered,live,live,34.432861328125,1,1075,True,True
primary,dbe,control_rt_s26_subject_a_p2_c02_20260805T040502Z,fea67f91-0fdb-5199-8928-85d714bbcac5,90751eaa5e08a59f,0,1,delivered,live,live,32.259765625,1,1072,True,True
primary,dbe,control_rt_s26_subject_a_p2_c05_20260805T040503Z,ad71c2ed-b391-59f8-a218-be129aced8c9,d13b252bed88dcf1,0,1,delivered,live,live,50.94873046875,1,1079,True,True
primary,dbe,control_rt_s26_subject_a_p4_c01_20260805T040505Z,4569d914-c682-5f73-bcf7-28240702dad9,ba3376e8cd49f3dc,0,1,delivered,live,live,32.6015625,1,1078,True,True
primary,dbe,control_rt_s26_subject_a_p4_c02_20260805T040505Z,9a3d6125-ee85-5cf3-8f43-753009871d12,9d69fa0f47924924,0,1,delivered,live,live,42.705078125,1,1076,True,True
primary,dbe,control_rt_s26_subject_a_p6_c01_20260805T040507Z,ea178fd4-949c-572a-b881-f911bf22bdf2,2c68e3653e26f902,0,1,delivered,live,live,44.037353515625,1,1076,True,True
primary,dbe,control_rt_s26_subject_a_p6_c01_20260805T040507Z,09f58855-7b61-5351-8d7d-54ae79765f4e,d5d0af5dd7bb4da4,1,1,delivered,live,live,47.9111328125,1,1073,False,True
primary,dbe,control_rt_s26_subject_a_p6_c02_20260805T040507Z,b0bb083d-031f-501b-a877-ace4e5679b9c,eda22c884e66e740,0,1,delivered,live,live,47.557861328125,1,1077,True,True
primary,dbe,control_rt_s26_subject_a_p7_c01_20260805T040508Z,41b23d37-64d0-5bad-8169-e73824232aa1,a8ca0c49becadccd,0,1,delivered,live,live,41.808349609375,1,1076,True,True
primary,dbe,control_rt_s26_subject_a_p7_c02_20260805T040508Z,bf524927-fbec-5f1b-9a0c-bc15ababe415,180c96ee4e3b0e8c,0,1,delivered,live,live,49.86865234375,1,1077,True,True
primary,dbe,control_rt_s26_subject_a_p7_c02_20260805T040508Z,e3f0b32f-7cf7-566e-8fbd-38440dca1a05,9217e045fcafb64a,1,0,suppressed_cooldown,live,,,0,,False,False
primary,dbe,control_rt_s26_subject_a_p7_c03_20260805T040509Z,24af2389-198e-5ef3-8986-d6aec90c54c2,7fab1efbc04ba0c0,0,1,delivered,live,live,30.0146484375,1,1079,True,True
primary,dbe,control_rt_s26_subject_a_p7_c04_20260805T040509Z,d38f77cb-b648-5d56-8765-119ce1b12c95,fa065bb905a6a377,0,1,delivered,live,live,41.86376953125,1,1076,True,True
primary,dbe,control_rt_s26_subject_a_p8_c01_20260805T040510Z,db8e55c2-99cc-5766-955a-1ce0aff8bebe,b84dbb7799cebb4d,0,1,delivered,live,live,29.885986328125,1,1076,True,True
primary,dbe,control_rt_s26_subject_a_p9_c01_20260805T040510Z,c882539c-2402-5851-be51-ae8a645619da,c38ffc8d9cec20d8,0,1,delivered,live,live,46.18994140625,1,1076,True,True
primary,dbe,control_rt_s26_subject_a_p9_c02_20260805T040511Z,c26fc02e-ad25-52b3-8fb4-662fb2dd8528,3b34b97a3f106b35,0,1,delivered,live,live,33.17138671875,1,1075,True,True
primary,dbe,control_rt_s26_subject_a_p9_c03_20260805T040511Z,1dd07f8b-b5e7-53fe-9fad-3bb76ec8a226,e3f14f893e51b2d4,0,1,delivered,live,live,55.151123046875,1,1077,True,True
primary,dbe,control_rt_s26_subject_a_p9_c06_20260805T040512Z,16a4db40-bd3f-5bcf-aa78-70602d31a32c,29b2589b81ecc9ed,0,1,delivered,live,live,30.07421875,1,1079,True,True
primary,dbe,control_rt_s26_subject_a_p9_c08_20260805T040512Z,9ce3ed3f-ce1d-5bd6-95b4-acae721f1b1a,bb8dc0447003cb8f,0,1,delivered,live,live,40.882568359375,1,1077,True,True
primary,dbe,control_rt_s7_a_p1_c02_20260805T033742Z,e167926e-7723-5fc5-b1a3-6b92644ca65a,5f043bd0a04607af,0,1,delivered,live,live,41.637451171875,1,1030,True,True
primary,dbe,control_rt_s7_a_p1_c02_20260805T033742Z,55d70598-7759-58c4-97df-d48c7e36164d,b6ed8f68c2c101f1,1,0,suppressed_cooldown,live,,,0,,False,False
primary,dbe,control_rt_s7_a_p1_c03_20260805T033759Z,5b4fc5f3-fc44-5322-a5d9-f13d6f5c69d6,cad0cb25eb80f4c2,0,1,delivered,live,live,42.217041015625,1,1032,True,True
primary,dbe,control_rt_s7_a_p1_c04_20260805T033824Z,3c905a8e-6da0-5a59-814d-a6fcacbb11d6,79dc124b6f3f857a,0,1,delivered,live,live,34.698486328125,1,1032,True,True
primary,dbe,control_rt_s7_a_p1_c05_20260805T033842Z,44b008ac-1d96-55a2-a53d-ca17c009353a,dde37e5bfbbf8bd8,0,1,delivered,live,live,43.966552734375,1,1031,True,True
primary,dbe,control_rt_s7_a_p1_c06_20260805T033903Z,cc47c20a-75ee-5a06-b4bc-c281feb024ab,a35513acf58d4ed9,0,1,delivered,live,live,37.15283203125,1,1031,True,True
primary,dbe,control_rt_s7_a_p1_c07_20260805T033921Z,849c8377-6692-51b5-b1a3-72e7a3927c5a,3612fc98b32d8c27,0,1,delivered,live,live,42.05224609375,1,1033,True,True
primary,dbe,control_rt_s7_a_p1_c08_20260805T033940Z,35ea3459-c214-5742-a361-6b909a325409,252d4ee0a8b0094c,0,1,delivered,live,live,32.158447265625,1,1030,True,True
primary,dbe,control_rt_s7_a_p1_c08_20260805T033940Z,49b431ea-9448-5a7c-8b60-b97d1df1c517,6205467c09ead0cf,1,0,suppressed_cooldown,live,,,0,,False,False
primary,dbe,control_rt_s7_a_p1_c09_20260805T034001Z,954e951c-b47d-5193-bd53-97e55917eb5b,1c2a60715ad5cab6,0,1,delivered,live,live,45.817138671875,1,1029,True,True
primary,dbe,control_rt_s7_a_p1_c10_20260805T034025Z,76358d01-8c5a-5bc7-86bd-e9934757ab35,eb1184cf1d300a0f,0,1,delivered,live,live,35.1962890625,1,1031,True,True
primary,dbe,control_rt_s7_a_p1_c11_20260805T034046Z,5ad08055-a300-55b3-9131-9a35d922c113,df7da52d1cc638dc,0,1,delivered,live,live,56.6708984375,1,1033,True,True
primary,dbe,control_rt_s7_a_p1_c12_20260805T034106Z,e98e8a17-9b68-5a46-be33-1001fe95f518,9a69648eb042776b,0,1,delivered,live,live,50.702880859375,1,1033,True,True
primary,dbe,control_rt_s7_a_p2_c01_20260805T034137Z,1089a6e8-fc2e-57d0-8474-e20faba8f201,fc4a05d2ffc9604c,0,1,delivered,live,live,34.566650390625,1,1029,True,True
primary,dbe,control_rt_s7_a_p2_c02_20260805T034208Z,2d7fa8e8-5fd8-5472-8dbc-928f9ce306fc,780dd71c7e27c598,0,1,delivered,live,live,49.85205078125,1,1025,True,True
primary,dbe,control_rt_s7_a_p2_c03_20260805T034239Z,308dc725-d286-5077-842b-3b8c8cc6c9b6,c059d36579ea54d7,0,1,delivered,live,live,33.92431640625,1,1028,True,True
primary,dbe,control_rt_s7_a_p2_c05_20260805T034342Z,c26038f8-4f47-5c33-bb77-9fb1c2c8e495,47f35861adcae8bb,0,1,delivered,live,live,48.747314453125,1,1034,True,True
primary,dbe,control_rt_s7_a_p4_c01_20260805T034436Z,94266e94-69ba-5198-a586-68b5fee7171f,edb7348d17884d37,0,1,delivered,live,live,32.675048828125,1,1032,True,True
primary,dbe,control_rt_s7_a_p4_c02_20260805T034458Z,e7e1a16b-4476-5394-8a4c-d68e7a16d60a,0da6f97076e1746f,0,1,delivered,live,live,42.40234375,1,1030,True,True
primary,dbe,control_rt_s7_a_p6_c01_20260805T034636Z,a9fab8b5-ec5d-5018-bfd6-3bfc0502b201,438a01e01a8357c6,0,1,delivered,live,live,48.891845703125,1,1032,True,True
primary,dbe,control_rt_s7_a_p6_c02_20260805T034717Z,746eb6d8-188f-53a3-ab2a-0457a75baf32,326f17fe4ba6554e,0,1,delivered,live,live,39.244384765625,1,1033,True,True
primary,dbe,control_rt_s7_a_p6_c02_20260805T034717Z,a75ccbac-3ba7-50c7-975d-6caffd1a5ce4,15b3ef1cfc622b29,1,1,delivered,live,live,44.119384765625,1,1028,False,True
primary,dbe,control_rt_s7_a_p7_c01_20260805T034743Z,cfecf621-d8c9-54ab-b27a-a98898329aa9,f683e633daf5ac8d,0,1,delivered,live,live,48.3837890625,1,1030,True,True
primary,dbe,control_rt_s7_a_p7_c02_20260805T034808Z,98e662b0-d45e-5cc6-8953-63c140e5cc87,5fba29ff64bdfea8,0,1,delivered,live,live,33.68115234375,1,1031,True,True
primary,dbe,control_rt_s7_a_p7_c02_20260805T034808Z,515bd9df-be24-5e46-b52d-d98ce0724086,0a136cddb7d27c5d,1,0,suppressed_cooldown,live,,,0,,False,False
primary,dbe,control_rt_s7_a_p7_c02_20260805T034808Z,9c383994-8358-58da-a434-ae0d66e2f81f,676e42dda4e7741a,2,1,delivered,live,live,36.375244140625,1,1027,False,True
primary,dbe,control_rt_s7_a_p7_c03_20260805T034833Z,62320a7b-9f88-5d50-9094-82b1cda7f94d,b12f1e0217017437,0,1,delivered,live,live,47.0966796875,1,1028,True,True
primary,dbe,control_rt_s7_a_p7_c03_20260805T034833Z,ea9f1a36-9b07-5f79-8baa-687372ec12e0,c70ac2b76ec07b83,1,0,suppressed_cooldown,live,,,0,,False,False
primary,dbe,control_rt_s7_a_p7_c03_20260805T034833Z,f516fda0-bcb2-5650-a831-a286d87960c1,ca64622b261f30a3,2,1,delivered,live,live,50.49462890625,1,1027,False,True
primary,dbe,control_rt_s7_a_p7_c04_20260805T034857Z,863bf727-b673-5fcd-bc73-d9b3e8041e4e,c9300ee01557b83c,0,1,delivered,live,live,33.94921875,1,1031,True,True
primary,dbe,control_rt_s7_a_p8_c01_20260805T034932Z,1ff9f4b0-d5d7-56e6-8892-c6e909628ba7,48b453fd706712fe,0,1,delivered,live,live,51.122314453125,1,1030,True,True
primary,dbe,control_rt_s7_a_p8_c01_20260805T034932Z,ecdb055b-a621-5b54-8b48-74a742601791,7def715f0b165137,1,1,delivered,live,live,52.990966796875,1,1025,False,True
primary,dbe,control_rt_s7_a_p9_c01_20260805T034951Z,16bd7330-0d57-56f6-9a97-e4ba1f858fb2,fcedad8a17add318,0,1,delivered,live,live,30.736572265625,1,1031,True,True
primary,dbe,control_rt_s7_a_p9_c02_20260805T035009Z,cb36cd8a-8f9d-5373-82e7-17d1ec21c00b,27241d71a54ee17c,0,1,delivered,live,live,47.280517578125,1,1031,True,True
primary,dbe,control_rt_s7_a_p9_c03_20260805T035028Z,084e3d84-278b-5dc0-9365-cb9164b1bfe1,bbc4be23c88fe3dc,0,1,delivered,live,live,31.441650390625,1,1031,True,True
primary,dbe,control_rt_s7_a_p9_c06_20260805T035046Z,01a189aa-2aa7-50c0-98e3-e613c90a186a,07298e65efaa61f0,0,1,delivered,live,live,46.390869140625,1,1028,True,True
primary,dbe,control_rt_s7_a_p9_c08_20260805T035103Z,22ed6342-8a81-52fc-9465-66635403e2a6,14fef8a205a02e7b,0,1,delivered,live,live,41.6513671875,1,1031,True,True
primary,dbe,control_rt_s7_subject_a_p1_c02_20260805T040420Z,af52cf88-9c66-5203-aa9d-a9c4f8b80f2c,22d75e4b5c09be6c,0,1,delivered,live,live,38.412841796875,1,1073,True,True
primary,dbe,control_rt_s7_subject_a_p1_c02_20260805T040420Z,d8562d77-d368-5186-bc6f-6f33a48865bd,9b0784d1a3d504df,1,0,suppressed_cooldown,live,,,0,,False,False
primary,dbe,control_rt_s7_subject_a_p1_c03_20260805T040420Z,506b86ff-7078-5eb8-8a61-9abd106f8fb8,3bbf420caa63f458,0,1,delivered,live,live,35.103515625,1,1076,True,True
primary,dbe,control_rt_s7_subject_a_p1_c04_20260805T040421Z,3f7963a6-49e9-5b72-bc20-62042c6084b5,e9d3eb8d837998c9,0,1,delivered,live,live,42.66064453125,1,1076,True,True
primary,dbe,control_rt_s7_subject_a_p1_c05_20260805T040421Z,f8fb502d-4c29-5e7a-bc1d-96a6d9c010c5,0dae696dde750114,0,1,delivered,live,live,29.925048828125,1,1074,True,True
primary,dbe,control_rt_s7_subject_a_p1_c06_20260805T040422Z,cd040341-c1c5-577b-82e3-ce9f7491131b,df8dbdd18cdcf935,0,1,delivered,live,live,40.540283203125,1,1074,True,True
primary,dbe,control_rt_s7_subject_a_p1_c06_20260805T040422Z,0c1c80ac-da65-55a0-8cc1-04288291834e,7c9d679cee614ba0,1,0,suppressed_cooldown,live,,,0,,False,False
primary,dbe,control_rt_s7_subject_a_p1_c07_20260805T040422Z,d1d0dcfb-a0f4-5e6b-b427-ebdc938af266,d9206036cdb54a22,0,1,delivered,live,live,35.384765625,1,1077,True,True
primary,dbe,control_rt_s7_subject_a_p1_c08_20260805T040423Z,b4e2df57-7f1a-535d-b6d0-1e10d7bddf16,ac802712f6dc1f53,0,1,delivered,live,live,46.783935546875,1,1075,True,True
primary,dbe,control_rt_s7_subject_a_p1_c08_20260805T040423Z,9570802b-81fa-5030-83f7-815cbbbba38a,ee33ac4b8ba85105,1,0,suppressed_cooldown,live,,,0,,False,False
primary,dbe,control_rt_s7_subject_a_p1_c09_20260805T040423Z,1e88ca38-5863-5407-9258-e36aabeb2842,0d3bd072d30dbc74,0,1,delivered,live,live,29.416259765625,1,1074,True,True
primary,dbe,control_rt_s7_subject_a_p1_c10_20260805T040424Z,b04fe06c-a4bf-5968-b84e-340179a7ae88,d60693d93f3ac970,0,1,delivered,live,live,44.679443359375,1,1075,True,True
primary,dbe,control_rt_s7_subject_a_p1_c11_20260805T040424Z,7297d829-5f26-5a7c-af2d-5503e6208788,8e229180d2426d16,0,1,delivered,live,live,39.355224609375,1,1077,True,True
primary,dbe,control_rt_s7_subject_a_p1_c12_20260805T040425Z,280ae1ef-f4b4-560f-8618-69b3a486ce2f,7bb05cb23c293ae9,0,1,delivered,live,live,45.965576171875,1,1077,True,True
primary,dbe,control_rt_s7_subject_a_p2_c01_20260805T040425Z,a87071ba-12a6-547e-937b-c59a5194b229,fc1a4db165d5e757,0,1,delivered,live,live,37.156494140625,1,1073,True,True
primary,dbe,control_rt_s7_subject_a_p2_c02_20260805T040426Z,f37b97b4-0d85-5882-bbee-62d1161ce96b,cfeda1572b4f95f7,0,1,delivered,live,live,46.25,1,1069,True,True
primary,dbe,control_rt_s7_subject_a_p2_c03_20260805T040427Z,6ebb0779-c85f-566a-b40d-a55516707d85,3a8e4f5af529e4cd,0,1,delivered,live,live,36.4775390625,1,1073,True,True
primary,dbe,control_rt_s7_subject_a_p2_c05_20260805T040428Z,7f055bc0-0fa8-546b-bd33-cf205af44dbf,4e9b677515db3eea,0,1,delivered,live,live,44.671142578125,1,1078,True,True
primary,dbe,control_rt_s7_subject_a_p4_c01_20260805T040429Z,f1b54073-c660-505f-9422-b2eb773b5e2c,54d736cfc88bdc0f,0,1,delivered,live,live,40.78759765625,1,1076,True,True
primary,dbe,control_rt_s7_subject_a_p4_c02_20260805T040430Z,136ed2ed-6d7c-5bf3-a25f-126aa7966247,444c8ca17126f4e9,0,1,delivered,live,live,41.4423828125,1,1073,True,True
primary,dbe,control_rt_s7_subject_a_p6_c01_20260805T040432Z,14ebbfcf-814d-518f-962e-adb0f8b4f1f0,8e46da93aeeb7174,0,1,delivered,live,live,38.677490234375,1,1077,True,True
primary,dbe,control_rt_s7_subject_a_p6_c01_20260805T040432Z,347a5936-0a27-566c-9290-e665ca058729,1f884ce76670fd77,1,0,suppressed_cooldown,live,,,0,,False,False
primary,dbe,control_rt_s7_subject_a_p6_c02_20260805T040432Z,52eb2bbb-f8d1-59d5-acd9-05acb2b7663a,e721e0c361bb1fb6,0,1,delivered,live,live,54.116455078125,1,1076,True,True
primary,dbe,control_rt_s7_subject_a_p6_c02_20260805T040432Z,7c982ce1-85ea-59db-929b-be22763238b3,04a7c205c5faac13,1,1,delivered,live,live,57.0224609375,1,1072,False,True
primary,dbe,control_rt_s7_subject_a_p7_c01_20260805T040433Z,63272c7d-9197-568c-86b4-4ad7715eda63,2ed455f2a7df9465,0,1,delivered,live,live,34.2626953125,1,1076,True,True
primary,dbe,control_rt_s7_subject_a_p7_c02_20260805T040433Z,3c89c128-8d4f-51e2-b358-7c2da1619150,c7a62423ec6b9670,0,1,delivered,live,live,42.17138671875,1,1078,True,True
primary,dbe,control_rt_s7_subject_a_p7_c03_20260805T040434Z,f19a8307-1d2c-59ab-bde5-62830c399ce2,a2eba0039b27abc1,0,1,delivered,live,live,39.333984375,1,1073,True,True
primary,dbe,control_rt_s7_subject_a_p7_c03_20260805T040434Z,3aa2aed5-7817-5f51-9984-5e547c461c27,398164f7f8acc220,1,0,suppressed_cooldown,live,,,0,,False,False
primary,dbe,control_rt_s7_subject_a_p7_c04_20260805T040435Z,35c42f42-10ec-5a41-ad12-bcb7913d0638,773a05e9f2217a5d,0,1,delivered,live,live,42.4453125,1,1075,True,True
primary,dbe,control_rt_s7_subject_a_p8_c01_20260805T040435Z,230af71d-4677-5ee9-a4fd-8f029df13c15,ea83f0cb1f1116f5,0,1,delivered,live,live,39.7724609375,1,1076,True,True
primary,dbe,control_rt_s7_subject_a_p8_c01_20260805T040435Z,eddcc49d-f790-5a94-b34e-285c7b89da78,3969e613168e5961,1,0,suppressed_cooldown,live,,,0,,False,False
primary,dbe,control_rt_s7_subject_a_p8_c01_20260805T040435Z,ad0cafbc-3cea-5d12-a5c3-6549f485f55f,b00e839926e9051c,2,1,delivered,live,live,42.579833984375,1,1072,False,True
primary,dbe,control_rt_s7_subject_a_p9_c01_20260805T040436Z,71aaf87e-c65a-5c6d-959e-f7af792bc39b,341e659fc6a63332,0,1,delivered,live,live,46.0126953125,1,1076,True,True
primary,dbe,control_rt_s7_subject_a_p9_c02_20260805T040436Z,a712c4c0-8227-5389-b804-b7c6d3e282ba,4d61d259c12e0606,0,1,delivered,live,live,33.908447265625,1,1076,True,True
primary,dbe,control_rt_s7_subject_a_p9_c03_20260805T040437Z,e0b06a92-325b-55ee-980e-cb62cf0d3b43,9f13d0770573f7eb,0,1,delivered,live,live,44.3310546875,1,1076,True,True
primary,dbe,control_rt_s7_subject_a_p9_c06_20260805T040437Z,1b4e2dd5-38b5-5dc0-93c9-bf67a1c7a7d4,bc08802abf498054,0,1,delivered,live,live,37.616455078125,1,1073,True,True
primary,dbe,control_rt_s7_subject_a_p9_c08_20260805T040438Z,cb355797-5060-5a3c-bc0a-4bc19727794e,b84ff6789d479842,0,1,delivered,live,live,45.630859375,1,1075,True,True
primary,ebe,control_ebe_p1_live_20260725T201020Z_8dc1c2,bb329181-fcc3-57a4-b6ca-646d012ff05f,276871eff7c165ea,0,1,delivered,live,live,31.570068359375,1,1104,True,True
primary,ebe,control_live_cr01_cr02_20260723T024608Z_7e0673,ade4c63a-891f-5aa2-8662-4d2a70cb032e,90cd5cb6d0352596,0,1,delivered,live,live,48.633056640625,1,1057,True,True
primary,ebe,control_yoloe_p1_live_20260725T201820Z_2a56b5,e13c90e4-b8da-53b6-b534-4c14138d623b,01a43f76ba223a29,0,1,delivered,live,live,66.576416015625,1,1100,True,True
primary,ebe,control_yoloe_p1_live_20260725T201820Z_2a56b5,a89b8706-3576-5d07-8daf-42fee942e472,63bc2d231fea8114,1,1,delivered,live,live,71.8076171875,1,1096,False,True
primary,ebe,control_yoloe_p2_live_20260725T201916Z_b5cc5b,0795ad17-190b-5620-92a7-82617b017180,996559f5dc8198e2,0,1,delivered,live,live,41.475830078125,1,1096,True,True
primary,ebe,smoke_claqueta_20260805T171426Z_cada33,24b1c741-60f1-5f1b-8934-12a781cbf2c5,24ff402410c644b3,0,1,delivered,live,live,34.326416015625,1,1069,True,True
primary,ebe,smoke_claqueta_20260805T172632Z_fd7b16,64ad8a4b-7a39-56f6-9ca3-fe8c1f166ce5,b95302e3a29214a0,0,1,delivered,live,live,43.168212890625,1,1067,True,True
primary,ebe,smoke_claqueta_20260805T173014Z_843122,f7bebd21-2290-5a4a-9370-6681dbde366c,e9d9e26acd1386b1,0,1,delivered,live,live,31.467041015625,1,1070,True,True
primary,ebe,smoke_claqueta_20260805T173350Z_b9c64e,53a44730-81d1-50be-a514-84b34f731daf,3a74b8ddfb8fe06a,0,1,delivered,live,live,41.433837890625,1,1066,True,True
primary,ebe,smoke_ebe_a_20260805T003533Z_1593d8,7bc5422c-63ab-52ef-bc33-5140855bc401,f9d0d3878a96875d,0,1,delivered,live,live,37.390380859375,1,1040,True,True
primary,ebe,smoke_ebe_a_20260805T003533Z_1593d8,f978af71-3d79-5659-84e3-88440a885e05,68535ad9224e75c0,1,1,delivered,live,live,40.265625,1,1036,False,True
primary,ebe,smoke_ebe_b_20260805T003713Z_ff0134,52ca84c6-3143-5914-aa65-04b0a02a583e,f69a7b46deff571b,0,1,delivered,live,live,47.991455078125,1,1077,True,True
primary,ebe,smoke_ebe_b_20260805T003713Z_ff0134,7c95c83a-fce8-52c3-b63a-1c9873f3fd08,1ed4acf0f075a781,1,1,delivered,live,live,49.320556640625,1,1072,False,True
supplemental,derived_ebe,c101_j12_scene_a_p1_c02_20260805T164236Z,5deb0230-3a25-5ed0-9a48-72f5692cb898,943ac9dfb44d2187,0,1,delivered,live,live,38.56982421875,1,1034,True,False
supplemental,derived_ebe,c101_j12_scene_a_p1_c02_20260805T164738Z,49d68c9c-f61c-5e30-be25-daeadad8e7fa,25aeacd0cd57b0d6,0,1,delivered,live,live,42.8935546875,1,1033,True,False
supplemental,derived_ebe,c101_j12_scene_a_p1_c02_20260805T165035Z,73939a66-27de-5be7-a864-c8883a3d0cd2,fbff9b2694586fa1,0,1,delivered,live,live,31.880615234375,1,1033,True,False
supplemental,derived_ebe,c101_j12_scene_a_p1_c02_20260805T165035Z,cfa89f1f-2f91-56a4-af06-34541dee5a8f,cc38f1cb976cbd54,1,0,suppressed_cooldown,live,,,0,,False,False
supplemental,derived_ebe,c101_j12_scene_a_p1_c03_20260805T164236Z,da182c9c-414e-5ce5-b5ea-c4b48cc4ee96,e3d314c532bbcda4,0,1,delivered,live,live,42.015625,1,1030,True,False
supplemental,derived_ebe,c101_j12_scene_a_p1_c03_20260805T164739Z,2ffcaeee-dd89-5754-b5a3-d146666e84a3,2cbab8e5904553c3,0,1,delivered,live,live,31.156982421875,1,1030,True,False
supplemental,derived_ebe,c101_j12_scene_a_p1_c03_20260805T165035Z,e566f4c7-6e79-557f-b907-9765329a4968,7694a3492bc78ba5,0,1,delivered,live,live,46.104736328125,1,1033,True,False
supplemental,derived_ebe,c101_j12_scene_a_p1_c04_20260805T164237Z,44a8ea34-2553-59ee-beac-06bab3a654be,a0fdba0f1d3d8d43,0,1,delivered,live,live,32.417236328125,1,1030,True,False
supplemental,derived_ebe,c101_j12_scene_a_p1_c04_20260805T164739Z,a9dd63a7-2eb1-5be5-b956-42678abf45fa,0bc63cc625f278b5,0,1,delivered,live,live,45.889892578125,1,1031,True,False
supplemental,derived_ebe,c101_j12_scene_a_p1_c04_20260805T165036Z,8a608e51-9d69-5b3e-a3ae-6b1e87cc47ac,53f63f6b93e3ff16,0,1,delivered,live,live,37.97900390625,1,1032,True,False
supplemental,derived_ebe,c101_j12_scene_a_p1_c05_20260805T164237Z,83d1fd74-feac-51e3-9e06-be62c82c9f7c,96ee4f34e99bd285,0,1,delivered,live,live,49.666015625,1,1030,True,False
supplemental,derived_ebe,c101_j12_scene_a_p1_c05_20260805T164740Z,0146c459-ac60-5d67-8965-07f001e6a963,a48c0844d091a2fa,0,1,delivered,live,live,48.779541015625,1,1032,True,False
supplemental,derived_ebe,c101_j12_scene_a_p1_c05_20260805T165036Z,0ce42238-908a-5275-b41b-02438580f21d,9da80e4610a51f9f,0,1,delivered,live,live,43.97802734375,1,1032,True,False
supplemental,derived_ebe,c101_j12_scene_a_p1_c06_20260805T164238Z,352e055c-9fe8-50bb-904d-62624ea28076,8c8c383040e70f1c,0,1,delivered,live,live,28.5146484375,1,1032,True,False
supplemental,derived_ebe,c101_j12_scene_a_p1_c06_20260805T164740Z,672c2de3-dffc-5a0a-9cbe-45de51eb6b81,c007e6afdc78d61e,0,1,delivered,live,live,50.91455078125,1,1030,True,False
supplemental,derived_ebe,c101_j12_scene_a_p1_c06_20260805T165037Z,91c4e6fe-f82f-56d9-85d5-54755173f72a,175d79dd5c94c263,0,1,delivered,live,live,33.992919921875,1,1029,True,False
supplemental,derived_ebe,c101_j12_scene_a_p1_c07_20260805T164238Z,70fe0397-15e2-53f3-b7ad-eaa6979964a1,f446a7005ab6264f,0,1,delivered,live,live,42.80078125,1,1031,True,False
supplemental,derived_ebe,c101_j12_scene_a_p1_c07_20260805T164741Z,4dd7adab-1c5e-5759-a0ed-5d4d089100d6,6b78bfb7d2a94cb9,0,1,delivered,live,live,32.896484375,1,1033,True,False
supplemental,derived_ebe,c101_j12_scene_a_p1_c07_20260805T165037Z,77dea14b-befa-5d31-84b2-4f387d8f5c79,beaeca1a827d1e3c,0,1,delivered,live,live,42.3603515625,1,1034,True,False
supplemental,derived_ebe,c101_j12_scene_a_p1_c08_20260805T164239Z,99d6b357-470c-5d98-909f-e30dd43719ae,ce886904099a6771,0,1,delivered,live,live,40.890869140625,1,1033,True,False
supplemental,derived_ebe,c101_j12_scene_a_p1_c08_20260805T164239Z,7ebd4e6a-e34a-5d3d-b6fe-0fd5c2d43a73,3ac4f371b373fb67,1,0,suppressed_cooldown,live,,,0,,False,False
supplemental,derived_ebe,c101_j12_scene_a_p1_c08_20260805T164742Z,f138d4dc-7d3d-5af1-a409-d02a847f3828,8fbc6a2818ae7d89,0,1,delivered,live,live,40.8359375,1,1032,True,False
supplemental,derived_ebe,c101_j12_scene_a_p1_c08_20260805T164742Z,9d7ebb58-d90a-5e14-ba13-7a28ed21842c,9e7b19a42ddca577,1,0,suppressed_cooldown,live,,,0,,False,False
supplemental,derived_ebe,c101_j12_scene_a_p1_c08_20260805T165038Z,4cbfb2c9-484e-5ac2-b52f-9ae0cf1fb977,c953e11b0adc2b9d,0,1,delivered,live,live,29.529052734375,1,1035,True,False
supplemental,derived_ebe,c101_j12_scene_a_p1_c09_20260805T164239Z,2c910750-feb0-5848-beaf-6b54044a7d49,8bb46d78d5dd9f20,0,1,delivered,live,live,75.3955078125,1,1032,True,False
supplemental,derived_ebe,c101_j12_scene_a_p1_c09_20260805T164742Z,eade7a04-17a6-5cda-b9bf-d903903864d7,7b80350941831861,0,1,delivered,live,live,31.0390625,1,1032,True,False
supplemental,derived_ebe,c101_j12_scene_a_p1_c09_20260805T165038Z,84663fae-72c1-544b-b2f0-55bd48fd30a7,c5028b43587c3b56,0,1,delivered,live,live,64.23681640625,1,1031,True,False
supplemental,derived_ebe,c101_j12_scene_a_p1_c10_20260805T164240Z,b747a9c9-8d94-5a72-9b25-7fd0e4313441,e00bcd45518796e5,0,1,delivered,live,live,51.658203125,1,1031,True,False
supplemental,derived_ebe,c101_j12_scene_a_p1_c10_20260805T164743Z,b9a342ee-e923-5ada-bb31-bfcd512239c1,d3687c0111a419d2,0,1,delivered,live,live,29.65625,1,1032,True,False
supplemental,derived_ebe,c101_j12_scene_a_p1_c10_20260805T165039Z,6dc4a231-e9c8-531a-959a-7d11f6f67fa3,c63a9492d0a655e7,0,1,delivered,live,live,41.80517578125,1,1031,True,False
supplemental,derived_ebe,c101_j12_scene_a_p1_c11_20260805T164241Z,0b7c8848-5109-5003-810a-642a2679b153,3e319765f731f41c,0,1,delivered,live,live,31.261962890625,1,1034,True,False
supplemental,derived_ebe,c101_j12_scene_a_p1_c11_20260805T164743Z,c2bb2805-0e97-544c-92fd-2ac4cfa3e67c,cf31399c8bfc92ce,0,1,delivered,live,live,39.534423828125,1,1033,True,False
supplemental,derived_ebe,c101_j12_scene_a_p1_c11_20260805T165040Z,74a74a0e-94ce-57a5-abbf-31015d9f0565,43f0c834c854beff,0,1,delivered,live,live,30.792724609375,1,1034,True,False
supplemental,derived_ebe,c101_j12_scene_a_p1_c12_20260805T164241Z,c3c5842b-6b9f-533a-aac2-da547cdb89c1,40651c0ed647a93e,0,1,delivered,live,live,37.152099609375,1,1034,True,False
supplemental,derived_ebe,c101_j12_scene_a_p1_c12_20260805T164744Z,c4c8282b-8931-5706-9f05-5c982f69b6b6,43b41103cd60e332,0,1,delivered,live,live,30.64404296875,1,1034,True,False
supplemental,derived_ebe,c101_j12_scene_a_p1_c12_20260805T165040Z,5497d8f7-1445-5f74-aeb8-595767cc6d34,5b2f6b56c499b06e,0,1,delivered,live,live,40.3125,1,1033,True,False
supplemental,derived_ebe,c101_j12_scene_a_p2_c01_20260805T164744Z,05a78eda-6ac1-5451-aacb-1ffca727573f,65859f4b1768db63,0,1,delivered,live,live,43.229248046875,1,1028,True,False
supplemental,derived_ebe,c101_j12_scene_a_p2_c02_20260805T164242Z,3a312ee0-4b21-519e-846a-54df3f89b639,f38b58fa1ea431e5,0,1,delivered,live,live,48.528564453125,1,1026,True,False
supplemental,derived_ebe,c101_j12_scene_a_p2_c02_20260805T164745Z,d7f9aff7-14d4-5250-a763-72e8281579a5,4d89f994e7cbf844,0,1,delivered,live,live,43.1689453125,1,1028,True,False
supplemental,derived_ebe,c101_j12_scene_a_p2_c02_20260805T165041Z,debbaec6-3695-57cb-820a-53447bfc1dd1,857e977fcb6d5101,0,1,delivered,live,live,40.135498046875,1,1028,True,False
supplemental,derived_ebe,c101_j12_scene_a_p2_c03_20260805T164243Z,519f86bd-65fb-549a-b6e0-3938c8710894,651f185b2f05cfb3,0,1,delivered,live,live,31.767578125,1,1030,True,False
supplemental,derived_ebe,c101_j12_scene_a_p2_c05_20260805T164244Z,76e31409-6a4b-50ec-b437-bafcdf51b8fd,6a0f4b1f0617cace,0,1,delivered,live,live,47.282470703125,1,1029,True,False
supplemental,derived_ebe,c101_j12_scene_a_p2_c05_20260805T164747Z,8360a7d8-842b-51f7-9a3d-96d26b85df1c,4f481f0bc844bf8f,0,1,delivered,live,live,30.002197265625,1,1034,True,False
supplemental,derived_ebe,c101_j12_scene_a_p2_c05_20260805T165043Z,2972f46f-3091-5360-b189-7c197f15749a,5dcd89dfe4985763,0,1,delivered,live,live,41.790771484375,1,1033,True,False
supplemental,derived_ebe,c101_j12_scene_a_p4_c01_20260805T164245Z,bb70fc4f-c96c-50ba-a359-18476a103623,a29707b48f14a559,0,1,delivered,live,live,45.617431640625,1,1032,True,False
supplemental,derived_ebe,c101_j12_scene_a_p4_c01_20260805T164748Z,d6f8eb09-5480-5233-b6c9-adceb21a84ea,da229e2b5a979b6a,0,1,delivered,live,live,38.944580078125,1,1033,True,False
supplemental,derived_ebe,c101_j12_scene_a_p4_c01_20260805T165045Z,120b2942-1b08-57fe-8bf0-8e947074d0de,4be6bdf97434bf53,0,1,delivered,live,live,34.88818359375,1,1034,True,False
supplemental,derived_ebe,c101_j12_scene_a_p4_c02_20260805T164246Z,76978613-84d2-51a4-a73c-df9309e74656,4b4c53b164a284ca,0,1,delivered,live,live,40.644287109375,1,1031,True,False
supplemental,derived_ebe,c101_j12_scene_a_p4_c02_20260805T164749Z,accb5a28-0ef6-5bba-8698-310a5002c2d6,0fc99d74bf2d0a9d,0,1,delivered,live,live,29.79150390625,1,1031,True,False
supplemental,derived_ebe,c101_j12_scene_a_p4_c02_20260805T165046Z,892e9d32-10ff-5a30-b46b-146b4c1c84f5,ddaa23bb8e2ff523,0,1,delivered,live,live,41.4453125,1,1030,True,False
supplemental,derived_ebe,c101_j12_scene_a_p6_c01_20260805T164248Z,a0ef48d8-8738-5400-969d-af3c1cb5f875,95afd1267b034c77,0,1,delivered,live,live,36.566162109375,1,1034,True,False
supplemental,derived_ebe,c101_j12_scene_a_p6_c01_20260805T164750Z,330b12fa-0aef-5327-9290-75b5b8440d88,1a4a820da3968d8b,0,1,delivered,live,live,43.67138671875,1,1034,True,False
supplemental,derived_ebe,c101_j12_scene_a_p6_c01_20260805T164750Z,af13230e-b212-599f-a887-4fce4c4698ca,a713425808ccf62d,1,1,delivered,live,live,45.218017578125,1,1029,False,False
supplemental,derived_ebe,c101_j12_scene_a_p6_c01_20260805T165047Z,d1e5d3a5-975a-5cc7-882d-477b56861ac7,0cb490e4e810afd8,0,1,delivered,live,live,38.221435546875,1,1032,True,False
supplemental,derived_ebe,c101_j12_scene_a_p6_c01_20260805T165047Z,f720f5a2-2acb-5825-909c-47eb99f98eca,8110d3a44ee874e9,1,1,delivered,live,live,40.550048828125,1,1030,False,False
supplemental,derived_ebe,c101_j12_scene_a_p6_c02_20260805T164248Z,a05666be-1c2d-5751-bc7e-7b3d3589da63,8230ae30f4aaeffc,0,1,delivered,live,live,47.732421875,1,1033,True,False
supplemental,derived_ebe,c101_j12_scene_a_p6_c02_20260805T164751Z,9ae88cfd-cc9b-5bb3-bd4f-d6bb92a34dd3,6d107cba555fdb0f,0,1,delivered,live,live,33.77001953125,1,1034,True,False
supplemental,derived_ebe,c101_j12_scene_a_p6_c02_20260805T165048Z,e39e59ac-6f66-57ac-9cb2-c7082ca54801,07296c0027b0b5aa,0,1,delivered,live,live,44.70166015625,1,1033,True,False
supplemental,derived_ebe,c101_j12_scene_a_p7_c01_20260805T164249Z,8a2ae8c5-04a3-5d9a-ba80-72cb0190b6d3,715fef2ebb730d0b,0,1,delivered,live,live,27.99609375,1,1033,True,False
supplemental,derived_ebe,c101_j12_scene_a_p7_c01_20260805T164752Z,1255c03f-63c5-543f-9dc5-820e49af7253,669ea934b29581e1,0,1,delivered,live,live,40.91650390625,1,1032,True,False
supplemental,derived_ebe,c101_j12_scene_a_p7_c01_20260805T165049Z,2f004476-3834-5867-877b-0c0450922f75,1a34d27b77c23519,0,1,delivered,live,live,31.8154296875,1,1034,True,False
supplemental,derived_ebe,c101_j12_scene_a_p7_c01_20260805T165049Z,2c37f2de-3b71-52b8-aeec-a9f8cce628f8,2a56e3b6990c9b84,1,0,suppressed_cooldown,live,,,0,,False,False
supplemental,derived_ebe,c101_j12_scene_a_p7_c02_20260805T164250Z,5f5065e9-f11c-5509-850f-aa8f09e3f050,d25340eb70935401,0,1,delivered,live,live,42.20458984375,1,1033,True,False
supplemental,derived_ebe,c101_j12_scene_a_p7_c02_20260805T164250Z,85be282b-8ced-5c68-ae6e-fd30e5efa5a9,bb1a183f618cc5a5,1,0,suppressed_cooldown,live,,,0,,False,False
supplemental,derived_ebe,c101_j12_scene_a_p7_c02_20260805T164250Z,6aebfc0a-cff0-5c24-b47e-3302f5b53291,fa5be7ff6ff210d6,2,1,delivered,live,live,44.12109375,1,1028,False,False
supplemental,derived_ebe,c101_j12_scene_a_p7_c02_20260805T164752Z,c718e68e-c2c0-5594-a397-1e56f8244da6,366127a2a202f347,0,1,delivered,live,live,30.307861328125,1,1032,True,False
supplemental,derived_ebe,c101_j12_scene_a_p7_c02_20260805T164752Z,4a21ae26-8735-5e8b-8514-d6fe7ff9a188,127f5db7c2216938,1,0,suppressed_cooldown,live,,,0,,False,False
supplemental,derived_ebe,c101_j12_scene_a_p7_c02_20260805T164752Z,d7bbee6b-e700-51d8-91b6-75bbfccb3185,0c76446c730664e5,2,1,delivered,live,live,34.37548828125,1,1028,False,False
supplemental,derived_ebe,c101_j12_scene_a_p7_c02_20260805T165049Z,868c9d73-56e1-5599-967a-948438709a8e,de66842142d59b94,0,1,delivered,live,live,45.178955078125,1,1032,True,False
supplemental,derived_ebe,c101_j12_scene_a_p7_c02_20260805T165049Z,3b4f259e-dc0a-5489-9eb3-0ee31b0846e4,f7f309b7fffca4e7,1,1,delivered,live,live,48.450439453125,1,1027,False,False
supplemental,derived_ebe,c101_j12_scene_a_p7_c03_20260805T164250Z,8994e6f4-7275-5495-b277-285ea667d6e4,42e02411289f7d5b,0,1,delivered,live,live,36.600830078125,1,1032,True,False
supplemental,derived_ebe,c101_j12_scene_a_p7_c03_20260805T164250Z,49d21133-9bfb-5688-ac8d-7ba262204d0e,32a4224a2bc1a37a,1,0,suppressed_cooldown,live,,,0,,False,False
supplemental,derived_ebe,c101_j12_scene_a_p7_c03_20260805T164250Z,855b3121-eb3a-5d13-8375-36d1e5109666,289de36995ce5505,2,1,delivered,live,live,38.955322265625,1,1029,False,False
supplemental,derived_ebe,c101_j12_scene_a_p7_c03_20260805T164753Z,89efa02e-ee52-5937-a0bd-770378f7d4e8,0f39b03e2b9aa828,0,1,delivered,live,live,43.0732421875,1,1032,True,False
supplemental,derived_ebe,c101_j12_scene_a_p7_c03_20260805T164753Z,ce4345f7-781d-5f99-b402-2f132e971068,2e45b4aba8050b74,1,0,suppressed_cooldown,live,,,0,,False,False
supplemental,derived_ebe,c101_j12_scene_a_p7_c03_20260805T164753Z,15cccfac-b0ae-53d9-9a74-085d96ed4b17,b50e0fb8fb692d29,2,1,delivered,live,live,45.5166015625,1,1028,False,False
supplemental,derived_ebe,c101_j12_scene_a_p7_c03_20260805T165050Z,b96369c5-931a-590f-9671-2a2173bb2efb,60c66b65d2a69a6b,0,1,delivered,live,live,48.759033203125,1,1031,True,False
supplemental,derived_ebe,c101_j12_scene_a_p7_c03_20260805T165050Z,a65befd9-1671-5f2c-8243-e79800d4a44a,c94bc48563ed7d57,1,0,suppressed_cooldown,live,,,0,,False,False
supplemental,derived_ebe,c101_j12_scene_a_p7_c03_20260805T165050Z,eba5c08f-273c-55d9-9291-ce8baf9b4934,bd00ff23ed5ad9c4,2,1,delivered,live,live,52.84521484375,1,1029,False,False
supplemental,derived_ebe,c101_j12_scene_a_p7_c04_20260805T164251Z,bb52e91b-5bc5-5b61-b20d-30c4bc713816,a431cee5f147ab9e,0,1,delivered,live,live,40.857666015625,1,1032,True,False
supplemental,derived_ebe,c101_j12_scene_a_p7_c04_20260805T164753Z,b2f30f9c-5116-56a0-a2c7-dd5c65b0ada4,b8af832797c2f5f5,0,1,delivered,live,live,29.3837890625,1,1032,True,False
supplemental,derived_ebe,c101_j12_scene_a_p7_c04_20260805T165050Z,eac29004-2b1f-5266-86b9-9f9cd4cc4796,b343c363b89b6ace,0,1,delivered,live,live,42.17822265625,1,1031,True,False
supplemental,derived_ebe,c101_j12_scene_a_p8_c01_20260805T164251Z,148c39a1-74ed-5802-b5bf-ab406340d151,363faadc6cee7968,0,1,delivered,live,live,30.599853515625,1,1032,True,False
supplemental,derived_ebe,c101_j12_scene_a_p8_c01_20260805T164251Z,ab7a91b7-e87a-5e3c-813b-7a1c5def8d56,b7b596bb56cacdd8,1,1,delivered,live,live,32.73828125,1,1025,False,False
supplemental,derived_ebe,c101_j12_scene_a_p8_c01_20260805T164754Z,194fc60a-8c8d-5c5a-854e-7aa9cae870a1,c9f790e998ef942e,0,1,delivered,live,live,38.64404296875,1,1032,True,False
supplemental,derived_ebe,c101_j12_scene_a_p8_c01_20260805T164754Z,13573cfd-ff22-5e15-ac8b-31a37a8dce29,7cc645bb9db662bc,1,1,delivered,live,live,40.357177734375,1,1029,False,False
supplemental,derived_ebe,c101_j12_scene_a_p8_c01_20260805T165051Z,ee3bb0f2-11eb-5527-bb24-1194f39eb4e1,9e5d0f39772ea07a,0,1,delivered,live,live,37.59423828125,1,1033,True,False
supplemental,derived_ebe,c101_j12_scene_a_p8_c01_20260805T165051Z,be55127e-b570-525a-afc0-ec368b6747f5,c3128489e270a7d4,1,1,delivered,live,live,39.68017578125,1,1026,False,False
supplemental,derived_ebe,c101_j12_scene_a_p9_c01_20260805T164252Z,5b73e64f-998c-58cd-a064-9e324af041eb,90fde2ff7d178831,0,1,delivered,live,live,40.697021484375,1,1033,True,False
supplemental,derived_ebe,c101_j12_scene_a_p9_c01_20260805T164754Z,987921c8-f6ae-5e7d-a87a-ed125b208687,0e6965cabee6fe91,0,1,delivered,live,live,31.965087890625,1,1032,True,False
supplemental,derived_ebe,c101_j12_scene_a_p9_c01_20260805T165052Z,ecfc3b73-b7a2-561f-a31a-77d2fcd6027e,d56970863512ac43,0,1,delivered,live,live,46.759521484375,1,1031,True,False
supplemental,derived_ebe,c101_j12_scene_a_p9_c02_20260805T164253Z,4d817f26-1c96-5aea-a0a2-ef3c0a4791f3,22c8b7360b22a588,0,1,delivered,live,live,32.8720703125,1,1033,True,False
supplemental,derived_ebe,c101_j12_scene_a_p9_c02_20260805T164755Z,0229d717-019b-516d-b800-47fc9dbac17b,94b8f667f459c51e,0,1,delivered,live,live,47.81689453125,1,1029,True,False
supplemental,derived_ebe,c101_j12_scene_a_p9_c02_20260805T165052Z,df2bcfc2-68d4-530b-a6ee-69253c7d7539,09af5a610d73a630,0,1,delivered,live,live,47.217529296875,1,1033,True,False
supplemental,derived_ebe,c101_j12_scene_a_p9_c03_20260805T164253Z,87c99139-a071-5112-bbed-0756168d4c0c,eeaa08fc7318a958,0,1,delivered,live,live,42.3896484375,1,1033,True,False
supplemental,derived_ebe,c101_j12_scene_a_p9_c03_20260805T164755Z,e1ca069c-3390-517b-918e-730cc308b9ed,8edf13363ba540a6,0,1,delivered,live,live,45.736328125,1,1033,True,False
supplemental,derived_ebe,c101_j12_scene_a_p9_c03_20260805T165053Z,23a6a899-aa3b-5942-a3b2-29e14d34796b,03b926aa8f9785aa,0,1,delivered,live,live,41.1513671875,1,1031,True,False
supplemental,derived_ebe,c101_j12_scene_a_p9_c06_20260805T164254Z,8dfe4d88-cec4-5baa-a861-97f24938d378,748b97cbd15441d1,0,1,delivered,live,live,41.503173828125,1,1035,True,False
supplemental,derived_ebe,c101_j12_scene_a_p9_c06_20260805T164756Z,51b8befd-e66f-5b52-a5b0-e4276c1ca9ca,ac8babcf9e80fd43,0,1,delivered,live,live,41.67333984375,1,1033,True,False
supplemental,derived_ebe,c101_j12_scene_a_p9_c06_20260805T165053Z,9fc1d486-38c6-5f74-a2e8-1e2f45bcfdf1,429a376714cac6e4,0,1,delivered,live,live,30.01611328125,1,1034,True,False
supplemental,derived_ebe,c101_j12_scene_a_p9_c08_20260805T164254Z,128c5838-232c-5cb1-881c-e6c78878c6cf,27c51008790b7210,0,1,delivered,live,live,40.583984375,1,1032,True,False
supplemental,derived_ebe,c101_j12_scene_a_p9_c08_20260805T164756Z,b73e8c50-195a-5308-b5f8-1f1fc1cd07af,051d34fcade384ed,0,1,delivered,live,live,30.891357421875,1,1032,True,False
supplemental,derived_ebe,c101_j12_scene_a_p9_c08_20260805T165054Z,f6f249e3-f1c5-5c3e-9855-245db8c2ddb0,e1625423b11858a6,0,1,delivered,live,live,46.258056640625,1,1032,True,False
supplemental,derived_ebe,c101_j12_subject_a_p1_c02_20260805T164255Z,32681112-7d3b-514d-b469-f935cb1a1b8a,5fbe41d1bed92563,0,1,delivered,live,live,34.17724609375,1,1072,True,False
supplemental,derived_ebe,c101_j12_subject_a_p1_c02_20260805T164757Z,245303e0-6ad7-5822-9409-66d1c4d5ee4f,5a2af3db5f52c8c1,0,1,delivered,live,live,42.633056640625,1,1070,True,False
supplemental,derived_ebe,c101_j12_subject_a_p1_c02_20260805T165054Z,c56f612e-c941-54fe-8b05-8e7ca0ba88a2,7f17843265f2b855,0,1,delivered,live,live,33.52294921875,1,1071,True,False
supplemental,derived_ebe,c101_j12_subject_a_p1_c02_20260805T165054Z,08cf9249-5159-5a04-823f-838a6b7b3d45,697d65a104ad39d2,1,0,suppressed_cooldown,live,,,0,,False,False
supplemental,derived_ebe,c101_j12_subject_a_p1_c03_20260805T164255Z,f1dcaae7-bcf7-53a4-a901-cb3d765d9d27,10531c1f5cffb115,0,1,delivered,live,live,41.757080078125,1,1069,True,False
supplemental,derived_ebe,c101_j12_subject_a_p1_c03_20260805T164758Z,f1e086c0-dd49-5fcc-8c9c-c783adfb1fd6,9b9d8ecc6f247fb7,0,1,delivered,live,live,41.40380859375,1,1069,True,False
supplemental,derived_ebe,c101_j12_subject_a_p1_c03_20260805T165055Z,bbb33f91-79d8-5d94-ba2f-44c4fb10d6ce,a94523590b5d76a3,0,1,delivered,live,live,44.856201171875,1,1071,True,False
supplemental,derived_ebe,c101_j12_subject_a_p1_c04_20260805T164256Z,4c78bffe-48d9-5025-ad4a-b30f07c9f844,4619f80049c2a0cb,0,1,delivered,live,live,35.152099609375,1,1067,True,False
supplemental,derived_ebe,c101_j12_subject_a_p1_c04_20260805T164758Z,3480fb3c-806d-5885-9126-88db28d131f4,4026ad079d3ec60d,0,1,delivered,live,live,45.838134765625,1,1069,True,False
supplemental,derived_ebe,c101_j12_subject_a_p1_c04_20260805T164758Z,09365d41-3a31-5c44-98d9-92043f00a35b,890491979dbfd7d6,1,0,suppressed_cooldown,live,,,0,,False,False
supplemental,derived_ebe,c101_j12_subject_a_p1_c04_20260805T165055Z,9fe74c78-f41b-54b3-bcb8-c3713af8603c,f1711c85fc9298e7,0,1,delivered,live,live,32.904052734375,1,1070,True,False
supplemental,derived_ebe,c101_j12_subject_a_p1_c04_20260805T165055Z,2ecc82e2-13ed-526c-934a-610d2afd83b0,b089e831951f7e97,1,0,suppressed_cooldown,live,,,0,,False,False
supplemental,derived_ebe,c101_j12_subject_a_p1_c05_20260805T164257Z,a1495a6a-eded-5ccd-906f-2e70689dc771,0a3f0f379393a992,0,1,delivered,live,live,42.843505859375,1,1067,True,False
supplemental,derived_ebe,c101_j12_subject_a_p1_c05_20260805T164759Z,7588a670-27cc-5395-a96e-922e16bd00c5,6a10c3eb89620a04,0,1,delivered,live,live,33.926513671875,1,1070,True,False
supplemental,derived_ebe,c101_j12_subject_a_p1_c05_20260805T165056Z,72af6f3f-64fb-511d-a939-b4dac9ce1a26,ae14fdbf8afb7698,0,1,delivered,live,live,46.357177734375,1,1070,True,False
supplemental,derived_ebe,c101_j12_subject_a_p1_c06_20260805T164257Z,bb5eea9c-d1d6-532a-b225-4aee6e9b15cb,65a629949847ff0f,0,1,delivered,live,live,29.823974609375,1,1070,True,False
supplemental,derived_ebe,c101_j12_subject_a_p1_c06_20260805T164257Z,81edf74a-6d19-52d9-a895-041e61c02973,1c5dafd8d3dea542,1,0,suppressed_cooldown,live,,,0,,False,False
supplemental,derived_ebe,c101_j12_subject_a_p1_c06_20260805T164759Z,f723c3c0-b78b-5d17-835d-10973139d474,d459cb15fbb478a2,0,1,delivered,live,live,47.32421875,1,1069,True,False
supplemental,derived_ebe,c101_j12_subject_a_p1_c06_20260805T164759Z,f4cc452c-4d99-5ae3-b76a-fdddba9630f2,cf86148adf769ea4,1,0,suppressed_cooldown,live,,,0,,False,False
supplemental,derived_ebe,c101_j12_subject_a_p1_c06_20260805T165056Z,04b88788-b7f5-5c88-9004-30d8799217d7,d03c3ad817236ae2,0,1,delivered,live,live,31.9140625,1,1067,True,False
supplemental,derived_ebe,c101_j12_subject_a_p1_c06_20260805T165056Z,9936044b-b3be-5592-8da6-7ac9824a7b3a,fc55382f71e32366,1,0,suppressed_cooldown,live,,,0,,False,False
supplemental,derived_ebe,c101_j12_subject_a_p1_c07_20260805T164258Z,bac3eeb3-53df-5843-863a-6d4cdaa376d3,13be988a5f70148d,0,1,delivered,live,live,39.510986328125,1,1069,True,False
supplemental,derived_ebe,c101_j12_subject_a_p1_c07_20260805T164800Z,b52460d8-d4d2-5363-bf12-9c4e821b27aa,0c0c38d42c6bf09d,0,1,delivered,live,live,31.921875,1,1071,True,False
supplemental,derived_ebe,c101_j12_subject_a_p1_c07_20260805T165057Z,284948da-4cdf-52fc-8f52-72fe55fc2dae,0865069e8901605e,0,1,delivered,live,live,41.368408203125,1,1072,True,False
supplemental,derived_ebe,c101_j12_subject_a_p1_c08_20260805T164258Z,01a46b6e-1e60-5bdd-904c-1a11048bfc3d,4d5978c15d26f390,0,1,delivered,live,live,30.9111328125,1,1071,True,False
supplemental,derived_ebe,c101_j12_subject_a_p1_c08_20260805T164258Z,eb4a3391-9ff9-5795-90e8-12830b108f31,734a12786fcf835d,1,0,suppressed_cooldown,live,,,0,,False,False
supplemental,derived_ebe,c101_j12_subject_a_p1_c08_20260805T164800Z,be41b583-0d6b-5565-bd82-143810ef31ef,0016c14afa9b62bc,0,1,delivered,live,live,39.619873046875,1,1071,True,False
supplemental,derived_ebe,c101_j12_subject_a_p1_c08_20260805T164800Z,51772b4a-8dc0-5a03-b88e-0c42b5a9bca6,ac92a56c234e608c,1,0,suppressed_cooldown,live,,,0,,False,False
supplemental,derived_ebe,c101_j12_subject_a_p1_c08_20260805T165057Z,df9f3d4b-4096-522f-a657-b1e03c781ea8,0170cfca65661752,0,1,delivered,live,live,31.186767578125,1,1073,True,False
supplemental,derived_ebe,c101_j12_subject_a_p1_c09_20260805T164259Z,1c70f9e3-6d33-5929-afe9-43aa59d81c6b,a838a7cfa49dbf29,0,1,delivered,live,live,42.97900390625,1,1070,True,False
supplemental,derived_ebe,c101_j12_subject_a_p1_c09_20260805T164801Z,d4aa97ec-4f66-53e0-a8a1-5112e2c3aab5,5c6c5f6d78b3b02b,0,1,delivered,live,live,39.144775390625,1,1070,True,False
supplemental,derived_ebe,c101_j12_subject_a_p1_c09_20260805T165058Z,e2d27894-7a10-5f91-8202-4f6d6f651c44,baeb3ff742df81b0,0,1,delivered,live,live,47.458984375,1,1068,True,False
supplemental,derived_ebe,c101_j12_subject_a_p1_c10_20260805T164259Z,47b4bd66-0ff6-559b-a8f2-eee63a283570,c4408f41d32a97f1,0,1,delivered,live,live,80.558349609375,1,1070,True,False
supplemental,derived_ebe,c101_j12_subject_a_p1_c10_20260805T164801Z,af30c677-1b27-5c7c-b500-90e023ef717b,1aa217214be2d8e9,0,1,delivered,live,live,52.079345703125,1,1070,True,False
supplemental,derived_ebe,c101_j12_subject_a_p1_c10_20260805T164801Z,c518512c-ddb1-53b9-abc5-35310aab36df,3a88081628e6f303,1,0,suppressed_cooldown,live,,,0,,False,False
supplemental,derived_ebe,c101_j12_subject_a_p1_c10_20260805T165059Z,6150982a-81fe-5f0a-b12c-4916ab585016,0aaf79ca540a1f1e,0,1,delivered,live,live,63.650634765625,1,1069,True,False
supplemental,derived_ebe,c101_j12_subject_a_p1_c10_20260805T165059Z,2e670bb7-aa1e-583d-b843-ae02c351704a,c3536711e3532161,1,0,suppressed_cooldown,live,,,0,,False,False
supplemental,derived_ebe,c101_j12_subject_a_p1_c11_20260805T164300Z,0c17fdd9-6785-5a7d-b349-8607a4a6c0de,6b331eb66d06220f,0,1,delivered,live,live,383.972412109375,1,1072,True,False
supplemental,derived_ebe,c101_j12_subject_a_p1_c11_20260805T164802Z,58736c74-ebea-5bc3-9ca4-24205e175cf4,510362f7f6a3cc40,0,1,delivered,live,live,65.385009765625,1,1071,True,False
supplemental,derived_ebe,c101_j12_subject_a_p1_c11_20260805T165059Z,2daad715-b6b3-5eb1-9795-a10c15553dbb,0fee96ba1d17ba17,0,1,delivered,live,live,58.380126953125,1,1072,True,False
supplemental,derived_ebe,c101_j12_subject_a_p1_c12_20260805T164300Z,aec42caf-490b-594f-a074-9695e7652e03,ef1b9a3a6e2eff80,0,1,delivered,live,live,52.05859375,1,1072,True,False
supplemental,derived_ebe,c101_j12_subject_a_p1_c12_20260805T164802Z,4e3fc3b4-08c2-59e0-8de4-4354a8732d0e,f6ad3d598d1e32fb,0,1,delivered,live,live,37.6298828125,1,1072,True,False
supplemental,derived_ebe,c101_j12_subject_a_p1_c12_20260805T165100Z,9dc80544-bf36-5587-ab3e-5d26f0ec44c7,41a22f2e9ef36564,0,1,delivered,live,live,48.6572265625,1,1072,True,False
supplemental,derived_ebe,c101_j12_subject_a_p2_c01_20260805T164803Z,7276664a-5bbe-53d0-b363-d555d6caf650,a1a6e26bd6eababb,0,1,delivered,live,live,33.3798828125,1,1067,True,False
supplemental,derived_ebe,c101_j12_subject_a_p2_c02_20260805T164302Z,344b0300-47c0-5d48-9ef9-f414c88ae747,4a8f03a60e602a78,0,1,delivered,live,live,39.817626953125,1,1065,True,False
supplemental,derived_ebe,c101_j12_subject_a_p2_c02_20260805T164804Z,616b9430-3629-5ec0-b047-32305325144d,09c887d85e83b80c,0,1,delivered,live,live,45.6396484375,1,1064,True,False
supplemental,derived_ebe,c101_j12_subject_a_p2_c02_20260805T165101Z,b0f5b765-07fd-5f44-9322-cfefe9564cc8,866c59920a102fd7,0,1,delivered,live,live,49.8076171875,1,1066,True,False
supplemental,derived_ebe,c101_j12_subject_a_p2_c03_20260805T164302Z,8a9f5ea1-e375-52c1-85ec-ef8086ab1faa,db64101ad5ef3f52,0,1,delivered,live,live,31.26318359375,1,1068,True,False
supplemental,derived_ebe,c101_j12_subject_a_p2_c05_20260805T164303Z,32e72c5a-4400-5b9a-a211-e35ffcf2daf5,1aba5d246b4282d4,0,1,delivered,live,live,54.657470703125,1,1069,True,False
supplemental,derived_ebe,c101_j12_subject_a_p2_c05_20260805T164805Z,f7db19c9-301b-5be2-b0f9-d00ace58292d,02712b625f6b76bf,0,1,delivered,live,live,50.698974609375,1,1073,True,False
supplemental,derived_ebe,c101_j12_subject_a_p2_c05_20260805T165102Z,253e03b1-bfce-5a92-8cc6-231164f14868,23fb08db498325e9,0,1,delivered,live,live,53.662841796875,1,1072,True,False
supplemental,derived_ebe,c101_j12_subject_a_p4_c01_20260805T164305Z,9e7220c5-1bfd-50a2-9760-f8cb581b3c18,bc41cd2425afc232,0,1,delivered,live,live,37.046630859375,1,1068,True,False
supplemental,derived_ebe,c101_j12_subject_a_p4_c01_20260805T164807Z,b80c71d7-82fc-5abb-b436-65e394049877,f1b7680a0528e341,0,1,delivered,live,live,45.118896484375,1,1070,True,False
supplemental,derived_ebe,c101_j12_subject_a_p4_c01_20260805T165104Z,fa32400c-6d6b-5d3b-bcf7-5d24d41fdd3e,0944bb07deb9c23a,0,1,delivered,live,live,37.38720703125,1,1072,True,False
supplemental,derived_ebe,c101_j12_subject_a_p4_c02_20260805T164305Z,990c19e6-0ccc-58e1-b9c7-e19817928149,cdcc1a14f7286e8d,0,1,delivered,live,live,45.314697265625,1,1070,True,False
supplemental,derived_ebe,c101_j12_subject_a_p4_c02_20260805T164808Z,a44ed45c-251d-5d0c-980b-99f7291f2f07,2b96d58010ec7942,0,1,delivered,live,live,35.061279296875,1,1068,True,False
supplemental,derived_ebe,c101_j12_subject_a_p4_c02_20260805T165105Z,fad3dcaa-eb94-5e05-824a-5ee3494f2e7e,4b8d35976963c493,0,1,delivered,live,live,50.181640625,1,1069,True,False
supplemental,derived_ebe,c101_j12_subject_a_p6_c01_20260805T164307Z,a1f00207-34d1-5076-9ef4-4c453467a978,f0297fcc0ada6270,0,1,delivered,live,live,45.286376953125,1,1072,True,False
supplemental,derived_ebe,c101_j12_subject_a_p6_c01_20260805T164307Z,d5ca0352-2f68-527a-80f3-6c74bda96b98,ccabfca9f2df1933,1,0,suppressed_cooldown,live,,,0,,False,False
supplemental,derived_ebe,c101_j12_subject_a_p6_c01_20260805T164809Z,6ae71955-07f6-5cbc-b100-674c5696084a,fc038e4cb2a27f80,0,1,delivered,live,live,56.183837890625,1,1072,True,False
supplemental,derived_ebe,c101_j12_subject_a_p6_c01_20260805T164809Z,1aac73ed-9108-5831-af1e-2efdf56f16b4,6a7938e39a716f9a,1,1,delivered,live,live,60.523193359375,1,1067,False,False
supplemental,derived_ebe,c101_j12_subject_a_p6_c01_20260805T164809Z,8e4c08fa-1c02-5a34-a5be-1f64b4a5456e,aa1f6573aeb8ce31,2,0,suppressed_cooldown,live,,,0,,False,False
supplemental,derived_ebe,c101_j12_subject_a_p6_c01_20260805T165107Z,b7ea1c7f-cbfb-57c6-863a-bd53a97bd19f,31584b6fc2620d6d,0,1,delivered,live,live,48.29296875,1,1070,True,False
supplemental,derived_ebe,c101_j12_subject_a_p6_c01_20260805T165107Z,ed9f4a38-e344-5763-9bcd-2ce9fd1ec7df,7d27b7a2ed62441e,1,1,delivered,live,live,50.893798828125,1,1067,False,False
supplemental,derived_ebe,c101_j12_subject_a_p6_c02_20260805T164308Z,56496d81-6f40-504d-a661-9a6363c781aa,6195713a7598bb80,0,1,delivered,live,live,47.416748046875,1,1072,True,False
supplemental,derived_ebe,c101_j12_subject_a_p6_c02_20260805T164308Z,186f9654-2a17-5f25-8da6-27af66210199,e573543314db69c6,1,1,delivered,live,live,50.6904296875,1,1069,False,False
supplemental,derived_ebe,c101_j12_subject_a_p6_c02_20260805T164810Z,cf56cf82-1bf9-5d9f-9ede-23079aba4f0c,cec998c01ebf8077,0,1,delivered,live,live,61.14599609375,1,1072,True,False
supplemental,derived_ebe,c101_j12_subject_a_p6_c02_20260805T165108Z,d6af7133-e1aa-5e65-9c32-b72d19982134,5e498e5b4c819325,0,1,delivered,live,live,42.591796875,1,1071,True,False
supplemental,derived_ebe,c101_j12_subject_a_p6_c02_20260805T165108Z,4fc6b246-0aa0-5444-878b-689ad9a53f02,9dce843924c6e168,1,1,delivered,live,live,45.589599609375,1,1070,False,False
supplemental,derived_ebe,c101_j12_subject_a_p7_c01_20260805T164308Z,258cee33-6e2c-5fd1-8655-2a18af1ea434,f2a7c7eee0f9cd0a,0,1,delivered,live,live,30.8583984375,1,1072,True,False
supplemental,derived_ebe,c101_j12_subject_a_p7_c01_20260805T164810Z,ab924df0-f46d-5806-9bc7-c5b592abf966,47360bb95751ddc4,0,1,delivered,live,live,42.653564453125,1,1070,True,False
supplemental,derived_ebe,c101_j12_subject_a_p7_c01_20260805T165108Z,b0963723-210b-59b3-8572-4443ce5919de,a6ed5cb370598b5c,0,1,delivered,live,live,31.806640625,1,1073,True,False
supplemental,derived_ebe,c101_j12_subject_a_p7_c02_20260805T164309Z,2df80354-624f-5d8a-ab69-02efd3bccce4,4d906615cbf1661e,0,1,delivered,live,live,39.398681640625,1,1072,True,False
supplemental,derived_ebe,c101_j12_subject_a_p7_c02_20260805T164309Z,62d1c94f-eb3d-5e8b-b500-2f47bc1ad2a5,1e9ba2d5fc807c51,1,0,suppressed_cooldown,live,,,0,,False,False
supplemental,derived_ebe,c101_j12_subject_a_p7_c02_20260805T164811Z,1ae7b81d-16cc-5837-a2a2-eca8cd5ee52f,d856a9883cf29752,0,1,delivered,live,live,36.50390625,1,1073,True,False
supplemental,derived_ebe,c101_j12_subject_a_p7_c02_20260805T164811Z,bdc8db8d-e86e-5799-8176-d490caaec255,39a22ca68213f37e,1,0,suppressed_cooldown,live,,,0,,False,False
supplemental,derived_ebe,c101_j12_subject_a_p7_c02_20260805T165109Z,398e5a63-6667-5677-9645-6f37f4805592,ee3d9cd470fcb731,0,1,delivered,live,live,50.7783203125,1,1073,True,False
supplemental,derived_ebe,c101_j12_subject_a_p7_c03_20260805T164309Z,c4ad524a-ae2c-5cb1-a917-f5f5e56cbe1f,9c0922bd59671c50,0,1,delivered,live,live,38.671630859375,1,1070,True,False
supplemental,derived_ebe,c101_j12_subject_a_p7_c03_20260805T164309Z,c3a7c77c-3dff-5134-a313-0f48fb8d850a,004a8677f3a05cd8,1,0,suppressed_cooldown,live,,,0,,False,False
supplemental,derived_ebe,c101_j12_subject_a_p7_c03_20260805T164309Z,3fe83ca8-3341-5607-809e-81a796718a9f,c6963602c1c354f9,2,0,suppressed_cooldown,live,,,0,,False,False
supplemental,derived_ebe,c101_j12_subject_a_p7_c03_20260805T164812Z,1762de9e-a940-505d-948b-e5833f30e66e,81e69c36dd24bf59,0,1,delivered,live,live,42.264404296875,1,1070,True,False
supplemental,derived_ebe,c101_j12_subject_a_p7_c03_20260805T164812Z,47892552-fe32-52ed-bbcd-c57b6be40988,aaef81ea6f4c3212,1,0,suppressed_cooldown,live,,,0,,False,False
supplemental,derived_ebe,c101_j12_subject_a_p7_c03_20260805T165109Z,e17768d7-a55c-56e0-bd35-de2d83604d91,2ddc5430f0051e3b,0,1,delivered,live,live,31.11474609375,1,1069,True,False
supplemental,derived_ebe,c101_j12_subject_a_p7_c03_20260805T165109Z,77233b2c-173a-5908-bc3f-96d4a52f8715,9028ccc42a0f63fb,1,0,suppressed_cooldown,live,,,0,,False,False
supplemental,derived_ebe,c101_j12_subject_a_p7_c04_20260805T164310Z,9effaac8-02f1-5688-815a-8a71a154cbd1,9992a6cf9ae81614,0,1,delivered,live,live,43.428955078125,1,1069,True,False
supplemental,derived_ebe,c101_j12_subject_a_p7_c04_20260805T164812Z,184d1254-f381-5c7e-9889-87b698a424b5,d805b99dc7491a94,0,1,delivered,live,live,40.447998046875,1,1070,True,False
supplemental,derived_ebe,c101_j12_subject_a_p7_c04_20260805T165110Z,4fcd2470-9522-50fc-8f1b-f4de6cccccb7,a6894d805e9f10d2,0,1,delivered,live,live,38.574462890625,1,1069,True,False
supplemental,derived_ebe,c101_j12_subject_a_p7_c04_20260805T165110Z,f273abad-d9e0-5193-b980-d6445065a9a7,4c0257131678e0c8,1,0,suppressed_cooldown,live,,,0,,False,False
supplemental,derived_ebe,c101_j12_subject_a_p8_c01_20260805T164311Z,bfb42ee0-a165-520c-8ddb-d39365f41021,825468485950c405,0,1,delivered,live,live,43.164794921875,1,1068,True,False
supplemental,derived_ebe,c101_j12_subject_a_p8_c01_20260805T164311Z,217a398f-c85a-5605-a690-5fe4303fbe59,07e5a615ae4209e2,1,0,suppressed_cooldown,live,,,0,,False,False
supplemental,derived_ebe,c101_j12_subject_a_p8_c01_20260805T164311Z,ec412fd7-3738-5b23-bbd0-5d2d1f2ac3fa,c89ef76e5f81aade,2,1,delivered,live,live,46.174072265625,1,1066,False,False
supplemental,derived_ebe,c101_j12_subject_a_p8_c01_20260805T164813Z,bf3abfa2-6a63-5d1d-ad5d-df42ca8fd2a2,b56bb81a880a15f1,0,1,delivered,live,live,44.11328125,1,1071,True,False
supplemental,derived_ebe,c101_j12_subject_a_p8_c01_20260805T164813Z,123e83d1-8164-52b8-824f-fc4001f833d3,2fb1b8334978c89d,1,0,suppressed_cooldown,live,,,0,,False,False
supplemental,derived_ebe,c101_j12_subject_a_p8_c01_20260805T165111Z,53e0e626-36f7-5d82-873b-4cdfccaffb56,62efc8accf04453a,0,1,delivered,live,live,34.64892578125,1,1071,True,False
supplemental,derived_ebe,c101_j12_subject_a_p8_c01_20260805T165111Z,847e3d93-a091-5e60-b4b1-2ed4cc77549c,1e778ea923fc574f,1,0,suppressed_cooldown,live,,,0,,False,False
supplemental,derived_ebe,c101_j12_subject_a_p8_c01_20260805T165111Z,f69bc048-8e63-50c7-87fe-8f1982f1ae97,370a830770d92920,2,1,delivered,live,live,37.126708984375,1,1067,False,False
supplemental,derived_ebe,c101_j12_subject_a_p9_c01_20260805T164312Z,7e878598-61f8-50ab-8aa2-440e79253e37,b458cb0a680ffc6e,0,1,delivered,live,live,42.5732421875,1,1071,True,False
supplemental,derived_ebe,c101_j12_subject_a_p9_c01_20260805T164813Z,11109ef5-aae7-5edf-a860-35c1bd7c9f73,cff15ba1e101d41d,0,1,delivered,live,live,41.70458984375,1,1070,True,False
supplemental,derived_ebe,c101_j12_subject_a_p9_c01_20260805T165111Z,ccd10f34-4c9a-5ac2-b409-72db04f5fa56,588f736e09c67acf,0,1,delivered,live,live,41.99365234375,1,1071,True,False
supplemental,derived_ebe,c101_j12_subject_a_p9_c02_20260805T164312Z,e1db62f3-ac41-54db-9811-e3e4b86f1c8b,a8ddaf3a0856cdfd,0,1,delivered,live,live,31.0859375,1,1071,True,False
supplemental,derived_ebe,c101_j12_subject_a_p9_c02_20260805T164814Z,06ed21b3-c987-5934-b053-ef9ef6434ec8,3fab140418b3244a,0,1,delivered,live,live,41.986328125,1,1068,True,False
supplemental,derived_ebe,c101_j12_subject_a_p9_c02_20260805T165112Z,f54316de-380e-500c-bf38-dea86fd6c93b,8f116fd25d1f4e7d,0,1,delivered,live,live,36.115478515625,1,1070,True,False
supplemental,derived_ebe,c101_j12_subject_a_p9_c03_20260805T164313Z,0af06d32-8404-54e6-bb55-7745110bae43,8ef03849f1565425,0,1,delivered,live,live,45.056884765625,1,1071,True,False
supplemental,derived_ebe,c101_j12_subject_a_p9_c03_20260805T164814Z,a36565bb-b733-546e-a0c1-9dff8486a532,0fcdbb848dc05861,0,1,delivered,live,live,43.7236328125,1,1071,True,False
supplemental,derived_ebe,c101_j12_subject_a_p9_c03_20260805T165112Z,e828962b-c7dd-585c-8eef-c82effb29e0a,87ad5dc9bf56b15c,0,1,delivered,live,live,43.36669921875,1,1069,True,False
supplemental,derived_ebe,c101_j12_subject_a_p9_c06_20260805T164313Z,97b9b858-8612-569a-87e5-4cb5521f9701,12a5050acda262ad,0,1,delivered,live,live,80.246337890625,1,1073,True,False
supplemental,derived_ebe,c101_j12_subject_a_p9_c06_20260805T164815Z,63f77337-fd10-5525-b0f8-8bfe64e18a48,efc19be4777d33aa,0,1,delivered,live,live,44.883544921875,1,1071,True,False
supplemental,derived_ebe,c101_j12_subject_a_p9_c06_20260805T165113Z,1fab9450-e0e7-5000-97fc-d6685959e074,042cfc91172f4764,0,1,delivered,live,live,34.871826171875,1,1072,True,False
supplemental,derived_ebe,c101_j12_subject_a_p9_c08_20260805T164314Z,e7dc7932-bd74-5562-a94c-ef235c163491,1970a0d36e131b8c,0,1,delivered,live,live,48.959228515625,1,1071,True,False
supplemental,derived_ebe,c101_j12_subject_a_p9_c08_20260805T164815Z,c4ca9783-a4a1-5609-9943-e2003525aad0,38c99cd1f42e7c36,0,1,delivered,live,live,37.939208984375,1,1070,True,False
supplemental,derived_ebe,c101_j12_subject_a_p9_c08_20260805T165114Z,3a117855-cf1d-54e4-af3f-4de92137c152,34ac7f6e606d4f17,0,1,delivered,live,live,42.142333984375,1,1070,True,False
supplemental,derived_ebe,c101_j7_scene_a_p1_c02_20260805T164116Z,6f544616-b051-56d4-8961-caf847008c2b,cd3ffda4ea8472c3,0,1,delivered,live,live,46.0078125,1,1032,True,False
supplemental,derived_ebe,c101_j7_scene_a_p1_c02_20260805T164116Z,39db47bc-dfd8-5f3b-a4be-810f533eca78,1846e65ce387267e,1,0,suppressed_cooldown,live,,,0,,False,False
supplemental,derived_ebe,c101_j7_scene_a_p1_c02_20260805T164702Z,4339713d-f847-5bc8-8396-10d13a51971c,fe0f1fb56351e761,0,1,delivered,live,live,51.17919921875,1,1032,True,False
supplemental,derived_ebe,c101_j7_scene_a_p1_c02_20260805T164956Z,bc599274-6087-59f6-a9c5-ddfbdce076bb,23ba84fe9be2c415,0,1,delivered,live,live,45.853515625,1,1031,True,False
supplemental,derived_ebe,c101_j7_scene_a_p1_c02_20260805T164956Z,38ce7a41-7064-5fdf-84d7-0722b1316e1e,f2bc71f62e198b62,1,0,suppressed_cooldown,live,,,0,,False,False
supplemental,derived_ebe,c101_j7_scene_a_p1_c03_20260805T164116Z,3be73403-0c9c-5056-b644-a96d8b069ab3,da7ca54610353514,0,1,delivered,live,live,44.006591796875,1,1032,True,False
supplemental,derived_ebe,c101_j7_scene_a_p1_c03_20260805T164703Z,f8aebfcd-3e04-52c7-b56f-3bd0646bd8fa,c6cc431b9054b959,0,1,delivered,live,live,45.69091796875,1,1032,True,False
supplemental,derived_ebe,c101_j7_scene_a_p1_c03_20260805T164956Z,dac3fe7c-23dd-52d7-b0fd-e4c3acb72443,9ad4e93d83569676,0,1,delivered,live,live,50.98828125,1,1032,True,False
supplemental,derived_ebe,c101_j7_scene_a_p1_c04_20260805T164117Z,932588fc-2870-57b5-a111-c75f452e0f97,8a2f7547dff77cd3,0,1,delivered,live,live,35.786376953125,1,1029,True,False
supplemental,derived_ebe,c101_j7_scene_a_p1_c04_20260805T164704Z,1ca54daa-eac3-5853-b42a-3092c30ddde5,55295ae4457ff290,0,1,delivered,live,live,41.131103515625,1,1032,True,False
supplemental,derived_ebe,c101_j7_scene_a_p1_c04_20260805T164957Z,466886a5-3c83-505f-bd9b-941031b03daf,977da71a4a1b05d6,0,1,delivered,live,live,32.8828125,1,1033,True,False
supplemental,derived_ebe,c101_j7_scene_a_p1_c05_20260805T164117Z,8fd167c6-bcec-54f3-bab9-69b3f9f82cbd,ed6f561f20444470,0,1,delivered,live,live,39.65380859375,1,1029,True,False
supplemental,derived_ebe,c101_j7_scene_a_p1_c05_20260805T164704Z,ed996dac-f3dc-5d46-bdbc-8ab03ae03331,3258db7949e5d3dd,0,1,delivered,live,live,32.558349609375,1,1032,True,False
supplemental,derived_ebe,c101_j7_scene_a_p1_c05_20260805T164957Z,90bd266d-ba41-54a0-8e13-cbb3caed8e16,513cdf5c71b01793,0,1,delivered,live,live,42.210205078125,1,1032,True,False
supplemental,derived_ebe,c101_j7_scene_a_p1_c06_20260805T164118Z,98e58e2b-3650-5940-ade3-7f8491024c16,5b685fc28b46fc9c,0,1,delivered,live,live,33.918701171875,1,1028,True,False
supplemental,derived_ebe,c101_j7_scene_a_p1_c06_20260805T164705Z,f5301320-c251-52c2-babb-8e967315b4a7,0e3f35d34e26f7d4,0,1,delivered,live,live,45.154052734375,1,1032,True,False
supplemental,derived_ebe,c101_j7_scene_a_p1_c06_20260805T164958Z,e71c4065-7af8-5cab-ba34-361eb657c6fb,14ac77e53a1f3db6,0,1,delivered,live,live,46.4287109375,1,1030,True,False
supplemental,derived_ebe,c101_j7_scene_a_p1_c07_20260805T164119Z,10f5e8a0-c1ae-5595-8154-a76e38b80de0,5fa155972c1ee543,0,1,delivered,live,live,41.90771484375,1,1032,True,False
supplemental,derived_ebe,c101_j7_scene_a_p1_c07_20260805T164953Z,dd90e7fa-a033-5687-b909-fccc411656ea,3a2b03963705988b,0,1,delivered,live,live,49.2041015625,1,1031,True,False
supplemental,derived_ebe,c101_j7_scene_a_p1_c07_20260805T164958Z,7b78cb1e-0108-5c57-95d2-3b910213a785,bd704d6584257039,0,1,delivered,live,live,33.14697265625,1,1032,True,False
supplemental,derived_ebe,c101_j7_scene_a_p1_c08_20260805T164119Z,8a4a478b-f5d1-5898-bf4b-6416aa98abed,5a5062b8361b1ddc,0,1,delivered,live,live,44.488525390625,1,1032,True,False
supplemental,derived_ebe,c101_j7_scene_a_p1_c08_20260805T164119Z,e9df2ed6-7888-5287-ad6e-fba65f2d0cfa,97f5bf0b5d7ce147,1,0,suppressed_cooldown,live,,,0,,False,False
supplemental,derived_ebe,c101_j7_scene_a_p1_c08_20260805T164705Z,34736737-c4da-5450-a0d1-90499ce1040c,0a58befafd0eef45,0,1,delivered,live,live,31.43115234375,1,1032,True,False
supplemental,derived_ebe,c101_j7_scene_a_p1_c08_20260805T164705Z,c17c6496-8c27-58af-98a9-af352ea4efe0,09ec437a65b6022f,1,0,suppressed_cooldown,live,,,0,,False,False
supplemental,derived_ebe,c101_j7_scene_a_p1_c08_20260805T164959Z,9a110b75-22b3-56e9-a28d-4be256852ef0,8bfb9c59d8b45a6c,0,1,delivered,live,live,40.0234375,1,1031,True,False
supplemental,derived_ebe,c101_j7_scene_a_p1_c08_20260805T164959Z,79d364d4-585d-5649-ab25-5ad45c629f55,b41877ef94185114,1,0,suppressed_cooldown,live,,,0,,False,False
supplemental,derived_ebe,c101_j7_scene_a_p1_c09_20260805T164120Z,413eea2e-2925-5545-9dca-c8b687f16e23,c537e1dfdce3f908,0,1,delivered,live,live,35.327880859375,1,1029,True,False
supplemental,derived_ebe,c101_j7_scene_a_p1_c09_20260805T164954Z,a077885c-794f-561c-bb9b-85c7a14131d3,84fca0ba66430f97,0,1,delivered,live,live,42.963134765625,1,1031,True,False
supplemental,derived_ebe,c101_j7_scene_a_p1_c09_20260805T165000Z,e58a3df8-e740-59c6-b47e-daf4f442289e,46e24fdc82a14498,0,1,delivered,live,live,32.224853515625,1,1031,True,False
supplemental,derived_ebe,c101_j7_scene_a_p1_c10_20260805T164120Z,2214ff8d-4207-5372-aae8-7fd60097e979,158299c47d5cfadf,0,1,delivered,live,live,44.631591796875,1,1030,True,False
supplemental,derived_ebe,c101_j7_scene_a_p1_c10_20260805T164706Z,08edde1a-bbf1-5d70-8647-1670d5ee3c6f,5607a7e45293f6e7,0,1,delivered,live,live,37.875732421875,1,1031,True,False
supplemental,derived_ebe,c101_j7_scene_a_p1_c10_20260805T165000Z,870f0cd2-c14e-502e-bc2b-4c0fbca17235,1c693f1506650ae4,0,1,delivered,live,live,42.994384765625,1,1030,True,False
supplemental,derived_ebe,c101_j7_scene_a_p1_c11_20260805T164121Z,28b84143-c132-56b1-a12b-09896213f174,df6710bb9399f694,0,1,delivered,live,live,33.48876953125,1,1031,True,False
supplemental,derived_ebe,c101_j7_scene_a_p1_c11_20260805T164706Z,7e9c5187-9e74-559f-aa08-e9278cee67e1,14217a46cf08eedc,0,1,delivered,live,live,46.37890625,1,1032,True,False
supplemental,derived_ebe,c101_j7_scene_a_p1_c11_20260805T165001Z,65ec42a1-ccd1-57a6-931b-c69b84d292d1,ae4852438fa805c0,0,1,delivered,live,live,34.039794921875,1,1033,True,False
supplemental,derived_ebe,c101_j7_scene_a_p1_c12_20260805T164122Z,7f6ade55-0fcc-5509-badf-83b2f5336f39,ff75a6b2cc68cae6,0,1,delivered,live,live,44.6982421875,1,1033,True,False
supplemental,derived_ebe,c101_j7_scene_a_p1_c12_20260805T164707Z,2746c3e7-ebc4-54a4-98c2-7fb73ee54699,22eda4906a83949a,0,1,delivered,live,live,33.91748046875,1,1033,True,False
supplemental,derived_ebe,c101_j7_scene_a_p1_c12_20260805T165001Z,b162c6c2-68ca-5787-98c5-399d576e8f6e,460cc3fd0ec4222d,0,1,delivered,live,live,45.047119140625,1,1033,True,False
supplemental,derived_ebe,c101_j7_scene_a_p2_c02_20260805T164123Z,d7acfd2d-9c7c-5c10-914d-b0009d31cc23,1fae16ecd84624dd,0,1,delivered,live,live,45.956298828125,1,1028,True,False
supplemental,derived_ebe,c101_j7_scene_a_p2_c02_20260805T164708Z,1c93b5c5-b00d-5689-adb5-e8c4d42f4656,37219c92693b7fc7,0,1,delivered,live,live,33.021484375,1,1025,True,False
supplemental,derived_ebe,c101_j7_scene_a_p2_c02_20260805T165002Z,3bdc9d41-7861-5ac9-a397-51ff4f816274,5b5d59db4fe44dca,0,1,delivered,live,live,43.03564453125,1,1026,True,False
supplemental,derived_ebe,c101_j7_scene_a_p2_c05_20260805T164124Z,04c34430-e985-5773-b9ee-e354e9c20413,0919ec29fea15a68,0,1,delivered,live,live,41.22412109375,1,1034,True,False
supplemental,derived_ebe,c101_j7_scene_a_p2_c05_20260805T164710Z,a07ff511-25b0-5af1-9928-2f6a4de5a730,f902b4009862eb70,0,1,delivered,live,live,43.93896484375,1,1034,True,False
supplemental,derived_ebe,c101_j7_scene_a_p2_c05_20260805T165004Z,17a32f49-b3e9-5c28-b6f8-c5e530e9b221,2a7744c9e5782cae,0,1,delivered,live,live,44.6220703125,1,1034,True,False
supplemental,derived_ebe,c101_j7_scene_a_p4_c01_20260805T164126Z,78f433f9-0443-57b8-bdea-4dcc41f46c42,f27cb3ccee95d98d,0,1,delivered,live,live,38.13525390625,1,1032,True,False
supplemental,derived_ebe,c101_j7_scene_a_p4_c01_20260805T164711Z,58d78781-b10c-5254-b219-a0fc4b6972bc,62a93de0b4b08bce,0,1,delivered,live,live,100.121826171875,1,1031,True,False
supplemental,derived_ebe,c101_j7_scene_a_p4_c01_20260805T165006Z,e7b5fbb4-b19b-5ee4-a976-3593caee5677,d373bc41ff00b9fd,0,1,delivered,live,live,53.4384765625,1,1033,True,False
supplemental,derived_ebe,c101_j7_scene_a_p4_c02_20260805T164126Z,b33c8178-7395-5f9f-a0fa-0f20aa66366b,77201add09a834c8,0,1,delivered,live,live,43.502197265625,1,1030,True,False
supplemental,derived_ebe,c101_j7_scene_a_p4_c02_20260805T164712Z,6ca381f2-2496-51b6-acbf-0b81e7759a42,d974044a3b37ee24,0,1,delivered,live,live,58.36865234375,1,1030,True,False
supplemental,derived_ebe,c101_j7_scene_a_p4_c02_20260805T165006Z,09f9753f-f78f-5fd0-9e94-9ee0ba02b236,9c45025200a8de68,0,1,delivered,live,live,46.705078125,1,1031,True,False
supplemental,derived_ebe,c101_j7_scene_a_p6_c01_20260805T164128Z,c8d440ba-f746-5925-8d41-59d91b2d1b35,e9d2f7fced12f544,0,1,delivered,live,live,49.982177734375,1,1033,True,False
supplemental,derived_ebe,c101_j7_scene_a_p6_c01_20260805T164128Z,012d6656-d756-5fc8-897a-d4700559fe76,99e23010a8d70d1b,1,1,delivered,live,live,52.503662109375,1,1028,False,False
supplemental,derived_ebe,c101_j7_scene_a_p6_c01_20260805T164128Z,9ea920f9-7c4c-57f5-9481-6dbd5d880fc7,6d4761e5299a74d9,2,0,suppressed_cooldown,live,,,0,,False,False
supplemental,derived_ebe,c101_j7_scene_a_p6_c01_20260805T164713Z,39fa099a-5b31-5257-b25c-947d2f7e3123,62f434f31a719864,0,1,delivered,live,live,55.75439453125,1,1031,True,False
supplemental,derived_ebe,c101_j7_scene_a_p6_c01_20260805T164713Z,f8345d62-82ac-51f6-b045-e7ff1400125e,ddbf289d9638dbb9,1,1,delivered,live,live,60.24365234375,1,1027,False,False
supplemental,derived_ebe,c101_j7_scene_a_p6_c01_20260805T164713Z,ac70f2f9-57dc-5564-be9b-560933ab9c90,c9d27ea0cd8dda27,2,0,suppressed_cooldown,live,,,0,,False,False
supplemental,derived_ebe,c101_j7_scene_a_p6_c01_20260805T165008Z,c367f711-288e-58e4-985a-e1eb72b27b7d,c8f8b1c8d5824ac7,0,1,delivered,live,live,37.211181640625,1,1031,True,False
supplemental,derived_ebe,c101_j7_scene_a_p6_c01_20260805T165008Z,716571dd-e03c-5921-98d8-6e8fb945b8b3,6d7f1bdb78e1d315,1,1,delivered,live,live,40.14208984375,1,1144,False,False
supplemental,derived_ebe,c101_j7_scene_a_p6_c02_20260805T164129Z,a78e691c-45c2-5dbe-9552-56fd464c542c,773a583acf503d27,0,1,delivered,live,live,51.26806640625,1,1033,True,False
supplemental,derived_ebe,c101_j7_scene_a_p6_c02_20260805T164714Z,4c367b5f-0df0-5724-8de7-0d7c3d6bdd2f,95ccf6872f881174,0,1,delivered,live,live,48.515869140625,1,1033,True,False
supplemental,derived_ebe,c101_j7_scene_a_p6_c02_20260805T164714Z,3230bec7-0dfe-5c69-b5f6-13f97f1faff8,55e5a293d44d7211,1,1,delivered,live,live,51.195556640625,1,1029,False,False
supplemental,derived_ebe,c101_j7_scene_a_p6_c02_20260805T165008Z,141186e4-1b23-5ff9-9a31-40c113db355e,153fae819eae8f3b,0,1,delivered,live,live,43.881591796875,1,1033,True,False
supplemental,derived_ebe,c101_j7_scene_a_p6_c02_20260805T165008Z,772e8f96-f58d-56ad-b467-31856cd972df,cc9a9d6b3a8fe582,1,1,delivered,live,live,46.186279296875,1,1029,False,False
supplemental,derived_ebe,c101_j7_scene_a_p7_c01_20260805T164129Z,2fd9f139-6854-52a7-a45f-4219a6b49ba1,32ec2336f51d3d98,0,1,delivered,live,live,132.982177734375,1,1029,True,False
supplemental,derived_ebe,c101_j7_scene_a_p7_c01_20260805T164715Z,c7488912-ba61-53ea-a948-81f9e6e8d227,7cc6246654c79deb,0,1,delivered,live,live,58.52587890625,1,1031,True,False
supplemental,derived_ebe,c101_j7_scene_a_p7_c01_20260805T165009Z,e152ca98-d56d-5e20-9773-6365631a93b9,e3ea97a1045d59a0,0,1,delivered,live,live,130.130859375,1,1030,True,False
supplemental,derived_ebe,c101_j7_scene_a_p7_c02_20260805T164130Z,8f12b166-ec72-5bc8-82a5-10beff4e9f5e,4d390f2044eecbc7,0,1,delivered,live,live,59.189697265625,1,1032,True,False
supplemental,derived_ebe,c101_j7_scene_a_p7_c02_20260805T164130Z,da2cece5-db3e-5fee-84dc-a9726f2b6b12,a0a7a20ca096e75d,1,1,delivered,live,live,62.705810546875,1,1028,False,False
supplemental,derived_ebe,c101_j7_scene_a_p7_c02_20260805T164715Z,9f231f5f-3f39-5438-9a0e-945bd8935c8a,32586999e7996b8d,0,1,delivered,live,live,53.474853515625,1,1034,True,False
supplemental,derived_ebe,c101_j7_scene_a_p7_c02_20260805T164715Z,272da848-dcc7-5996-9485-699bfd580fbc,091fcda45db9a9c3,1,1,delivered,live,live,59.406494140625,1,1026,False,False
supplemental,derived_ebe,c101_j7_scene_a_p7_c02_20260805T165010Z,57986195-fd30-5fba-9e35-ff12b3dad5f8,117b656661b3db54,0,1,delivered,live,live,64.058837890625,1,1029,True,False
supplemental,derived_ebe,c101_j7_scene_a_p7_c02_20260805T165010Z,fa96fef7-03bd-5c4c-82e7-4ef32ca5d295,73cd6e8d38b3ff0b,1,1,delivered,live,live,68.14990234375,1,1028,False,False
supplemental,derived_ebe,c101_j7_scene_a_p7_c03_20260805T164130Z,5a20bc8c-ad2a-524e-8b56-0e2e344a0c6d,d8817a26cce7460d,0,1,delivered,live,live,59.745849609375,1,1029,True,False
supplemental,derived_ebe,c101_j7_scene_a_p7_c03_20260805T164130Z,c74c2e3e-4c7e-50b4-bb79-120a378d6e30,7edb1bd66e6694aa,1,0,suppressed_cooldown,live,,,0,,False,False
supplemental,derived_ebe,c101_j7_scene_a_p7_c03_20260805T164130Z,1b9b609d-8884-5dc3-b7cb-66fe39388434,da8a66d201d5c290,2,1,delivered,live,live,63.45263671875,1,1028,False,False
supplemental,derived_ebe,c101_j7_scene_a_p7_c03_20260805T164716Z,d3ffc32c-f74d-561d-b91c-69b5cca17856,5b086d4f76453ff4,0,1,delivered,live,live,48.18359375,1,1033,True,False
supplemental,derived_ebe,c101_j7_scene_a_p7_c03_20260805T164716Z,aada3cc3-eddc-58bc-82f0-1f409b6c3e39,a3f268b3bbda436e,1,0,suppressed_cooldown,live,,,0,,False,False
supplemental,derived_ebe,c101_j7_scene_a_p7_c03_20260805T164716Z,4b36c2a4-d2e8-5693-9d4c-9c34f733dc00,f7917aa06fc49955,2,1,delivered,live,live,52.457275390625,1,1028,False,False
supplemental,derived_ebe,c101_j7_scene_a_p7_c03_20260805T165010Z,526c635a-0d3d-5e1f-8467-fa557ba2694e,12a968003d1228b5,0,1,delivered,live,live,55.7529296875,1,1033,True,False
supplemental,derived_ebe,c101_j7_scene_a_p7_c03_20260805T165010Z,80b4f181-57a9-5645-9a9c-07c84c09ce8f,b2e9005334f37380,1,0,suppressed_cooldown,live,,,0,,False,False
supplemental,derived_ebe,c101_j7_scene_a_p7_c03_20260805T165010Z,75e7393a-13c5-5e08-b5be-1ba56cfe6782,6efb59eb45cab843,2,1,delivered,live,live,57.868408203125,1,1027,False,False
supplemental,derived_ebe,c101_j7_scene_a_p7_c04_20260805T164131Z,43b59b7c-97a1-5885-b476-4eaa02182f73,f469097849943a1a,0,1,delivered,live,live,50.11865234375,1,1031,True,False
supplemental,derived_ebe,c101_j7_scene_a_p7_c04_20260805T164716Z,814c4fac-216e-50db-a35c-d598f9980570,3365dd4dc0fedd7b,0,1,delivered,live,live,45.484130859375,1,1029,True,False
supplemental,derived_ebe,c101_j7_scene_a_p7_c04_20260805T165011Z,d5ba4dca-4f30-5d29-ac88-cb2c4404f50b,a106ee1e30e8e324,0,1,delivered,live,live,50.016845703125,1,1031,True,False
supplemental,derived_ebe,c101_j7_scene_a_p8_c01_20260805T164132Z,d5cbf79d-1a4f-524b-b0be-4e02c1d30065,49f0ef9e5f919f24,0,1,delivered,live,live,48.05126953125,1,1029,True,False
supplemental,derived_ebe,c101_j7_scene_a_p8_c01_20260805T164132Z,5dd74592-0b2e-5159-8cf1-8f53c4a2bc0d,a9319cdea1329d5a,1,1,delivered,live,live,50.858154296875,1,1028,False,False
supplemental,derived_ebe,c101_j7_scene_a_p8_c01_20260805T164717Z,55a88cbb-e77f-54a6-8351-898f8f102f94,97698d022de5be97,0,1,delivered,live,live,37.205322265625,1,1031,True,False
supplemental,derived_ebe,c101_j7_scene_a_p8_c01_20260805T164717Z,a43d8c76-8df3-5126-a2ea-fcd7fcd3d8a0,d98d2d78bd001394,1,1,delivered,live,live,39.95556640625,1,1028,False,False
supplemental,derived_ebe,c101_j7_scene_a_p8_c01_20260805T165011Z,c8ca42d1-f1fd-5049-aded-31e466873e94,3b9230947a3413df,0,1,delivered,live,live,50.10888671875,1,1032,True,False
supplemental,derived_ebe,c101_j7_scene_a_p8_c01_20260805T165011Z,2a58c5d8-1b7f-55c4-86d5-649902b88961,784d2213eac35193,1,1,delivered,live,live,52.07373046875,1,1028,False,False
supplemental,derived_ebe,c101_j7_scene_a_p8_c01_20260805T165011Z,ad984235-14fd-5048-a9d5-2a2512eb79ab,e16c9158ed3b0cb1,2,1,delivered,live,live,54.329833984375,1,1034,False,False
supplemental,derived_ebe,c101_j7_scene_a_p9_c01_20260805T164132Z,99d91342-ddd0-5602-907b-3c6398126176,ec61a0ea57a4d642,0,1,delivered,live,live,55.107177734375,1,1031,True,False
supplemental,derived_ebe,c101_j7_scene_a_p9_c01_20260805T164717Z,65d865c6-0f92-58af-8087-f9b3218d8dbd,1665c311423fd3e9,0,1,delivered,live,live,80.11572265625,1,1030,True,False
supplemental,derived_ebe,c101_j7_scene_a_p9_c01_20260805T165012Z,e36da85b-dcde-56f3-a967-53bc2848dabf,aca3911499c9e835,0,1,delivered,live,live,112.2177734375,1,1032,True,False
supplemental,derived_ebe,c101_j7_scene_a_p9_c02_20260805T164133Z,ba61d87e-4c8e-56cd-87f9-d067d3fe194b,d9a7b98fb9eede20,0,1,delivered,live,live,59.462646484375,1,1032,True,False
supplemental,derived_ebe,c101_j7_scene_a_p9_c02_20260805T164718Z,09453c5e-a8d8-5fd8-85df-b9fea27514ff,224ab910e379de21,0,1,delivered,live,live,105.55322265625,1,1030,True,False
supplemental,derived_ebe,c101_j7_scene_a_p9_c02_20260805T165012Z,402e17c3-6eb8-5433-9c7f-e7f15d99ad37,2f8e6b9c94bce537,0,1,delivered,live,live,47.957275390625,1,1032,True,False
supplemental,derived_ebe,c101_j7_scene_a_p9_c03_20260805T164133Z,407ae6f6-9434-515e-94e2-2f0979a9fa44,cc0eff1014f6f204,0,1,delivered,live,live,41.866943359375,1,1030,True,False
supplemental,derived_ebe,c101_j7_scene_a_p9_c03_20260805T164719Z,4bdae489-f4c0-5aea-bbb1-db9154bb2b4c,cc1c817506b69c09,0,1,delivered,live,live,35.938720703125,1,1030,True,False
supplemental,derived_ebe,c101_j7_scene_a_p9_c03_20260805T165013Z,7153bd8a-651a-5b61-864a-59168a54a469,037d38247f0f5840,0,1,delivered,live,live,51.53515625,1,1028,True,False
supplemental,derived_ebe,c101_j7_scene_a_p9_c06_20260805T164134Z,703f3623-2b0b-5b40-8f28-d84a038ddae1,789ac37307d61487,0,1,delivered,live,live,48.04833984375,1,1031,True,False
supplemental,derived_ebe,c101_j7_scene_a_p9_c06_20260805T164719Z,a7e431b5-cdad-5130-b122-38209a754adc,d1eaaa47694d24a5,0,1,delivered,live,live,48.942626953125,1,1032,True,False
supplemental,derived_ebe,c101_j7_scene_a_p9_c06_20260805T165013Z,f7eace35-233f-5886-84d3-2e8be780db3c,e529fa8ffd19e697,0,1,delivered,live,live,49.462158203125,1,1029,True,False
supplemental,derived_ebe,c101_j7_scene_a_p9_c08_20260805T164134Z,d89c66a7-5a6a-5500-a4be-293c1add3166,f5f198bb0f515d54,0,1,delivered,live,live,56.857421875,1,1028,True,False
supplemental,derived_ebe,c101_j7_scene_a_p9_c08_20260805T164720Z,71939821-b053-5b4c-bc00-1bde566da7a8,147d6863b8eb2c15,0,1,delivered,live,live,46.158203125,1,1030,True,False
supplemental,derived_ebe,c101_j7_scene_a_p9_c08_20260805T165014Z,7af10ad8-b462-508d-b776-9590566eb875,e5f221508493b596,0,1,delivered,live,live,34.812255859375,1,1029,True,False
supplemental,derived_ebe,c101_j7_subject_a_p1_c02_20260805T164135Z,dd51d731-eb8b-5157-b279-e2c2b68558d7,6c7984b02106b4a1,0,1,delivered,live,live,41.86328125,1,1070,True,False
supplemental,derived_ebe,c101_j7_subject_a_p1_c02_20260805T164135Z,0292e6f7-f8c2-5784-8f76-dd1df806468c,dc255d8093f95c2b,1,0,suppressed_cooldown,live,,,0,,False,False
supplemental,derived_ebe,c101_j7_subject_a_p1_c02_20260805T164720Z,8beb4d6a-5267-5da7-8937-d98d9a33d55c,226a617ab882a24c,0,1,delivered,live,live,35.3330078125,1,1071,True,False
supplemental,derived_ebe,c101_j7_subject_a_p1_c02_20260805T165014Z,de40e290-3050-5797-be0a-49d3f5a10807,c661fd86d5707b7a,0,1,delivered,live,live,41.41943359375,1,1069,True,False
supplemental,derived_ebe,c101_j7_subject_a_p1_c02_20260805T165014Z,cc9b3d36-d5c9-52d0-a8d4-9deca5ed20c8,b36eae0a43908e96,1,0,suppressed_cooldown,live,,,0,,False,False
supplemental,derived_ebe,c101_j7_subject_a_p1_c03_20260805T164136Z,5831a685-b74f-58e9-bff1-16b8f950f2ab,72f373156e94378d,0,1,delivered,live,live,49.1455078125,1,1070,True,False
supplemental,derived_ebe,c101_j7_subject_a_p1_c03_20260805T164721Z,7c5c5ff9-e759-5455-a8d4-7f8b1b51873a,a23c4093381d8f5c,0,1,delivered,live,live,48.181640625,1,1070,True,False
supplemental,derived_ebe,c101_j7_subject_a_p1_c03_20260805T165015Z,bf837d41-0022-54f8-b8b7-823deb9dd579,89c9829a62bd62a6,0,1,delivered,live,live,47.14453125,1,1070,True,False
supplemental,derived_ebe,c101_j7_subject_a_p1_c04_20260805T164137Z,3673b0d7-624f-5535-8bcc-2d1ff1703bb4,ab1633ae5ccf1aa4,0,1,delivered,live,live,43.520263671875,1,1067,True,False
supplemental,derived_ebe,c101_j7_subject_a_p1_c04_20260805T164721Z,86baa81b-f4f4-5136-965e-7aa78a5353f0,ad82b44e28965578,0,1,delivered,live,live,48.94384765625,1,1070,True,False
supplemental,derived_ebe,c101_j7_subject_a_p1_c04_20260805T165015Z,56ab9fdb-4d5a-52fa-894d-50866fcb8980,d6472795c783f9e3,0,1,delivered,live,live,39.697265625,1,1070,True,False
supplemental,derived_ebe,c101_j7_subject_a_p1_c04_20260805T165015Z,2a98803d-1e43-5ae3-8dce-22ca748b7c85,48f4c0c5c7fe117f,1,0,suppressed_cooldown,live,,,0,,False,False
supplemental,derived_ebe,c101_j7_subject_a_p1_c05_20260805T164137Z,564755d2-506e-5935-9b77-538fdbb95bc6,c6fadbb3057677ad,0,1,delivered,live,live,50.898681640625,1,1067,True,False
supplemental,derived_ebe,c101_j7_subject_a_p1_c05_20260805T164722Z,2ae42a34-ea66-57e8-8419-f6d056cdd68c,a688c183dc695e2d,0,1,delivered,live,live,63.19189453125,1,1070,True,False
supplemental,derived_ebe,c101_j7_subject_a_p1_c05_20260805T165016Z,f159850f-cdf0-5e28-aa7f-1b287acae2b7,318874d2d4cd7226,0,1,delivered,live,live,50.255615234375,1,1070,True,False
supplemental,derived_ebe,c101_j7_subject_a_p1_c06_20260805T164138Z,89ce5d98-a53e-5b8e-83f3-e3463226980c,d71d459acf284583,0,1,delivered,live,live,64.351806640625,1,1066,True,False
supplemental,derived_ebe,c101_j7_subject_a_p1_c06_20260805T164723Z,1db38c12-e143-5f17-8a0d-9ad289566dfc,24dbb8ae3405b8e3,0,1,delivered,live,live,119.75830078125,1,1070,True,False
supplemental,derived_ebe,c101_j7_subject_a_p1_c06_20260805T165017Z,90a4f9b5-b327-574a-8383-3e6dc5721901,660d4fe292404df5,0,1,delivered,live,live,63.054443359375,1,1069,True,False
supplemental,derived_ebe,c101_j7_subject_a_p1_c06_20260805T165017Z,f63e1b9f-635d-5275-bff4-e581f620fd82,203f34b9ed94d2a0,1,0,suppressed_cooldown,live,,,0,,False,False
supplemental,derived_ebe,c101_j7_subject_a_p1_c07_20260805T164139Z,cf405180-78ab-5728-8208-6ffa02cf485e,119590e50a625f7a,0,1,delivered,live,live,42.46142578125,1,1071,True,False
supplemental,derived_ebe,c101_j7_subject_a_p1_c07_20260805T164954Z,dd004e07-37aa-5d3c-812b-198dc01b4361,cec9eb3e9c7f4231,0,1,delivered,live,live,50.606689453125,1,1070,True,False
supplemental,derived_ebe,c101_j7_subject_a_p1_c07_20260805T165017Z,d29585be-2c59-5b34-9782-98fb4f168208,051fdc1df408e4f8,0,1,delivered,live,live,83.3662109375,1,1070,True,False
supplemental,derived_ebe,c101_j7_subject_a_p1_c08_20260805T164139Z,d525235a-e8db-5dd6-a402-13aa1e4d4695,e1afd3eb2a460df0,0,1,delivered,live,live,57.922607421875,1,1070,True,False
supplemental,derived_ebe,c101_j7_subject_a_p1_c08_20260805T164139Z,61a6aa62-b028-5613-9107-c05ec3963c25,d5427aad9f8089c1,1,0,suppressed_cooldown,live,,,0,,False,False
supplemental,derived_ebe,c101_j7_subject_a_p1_c08_20260805T164723Z,61a878e1-b4ff-5342-bdf5-51a71491c2f1,50d7ec0ecd81ef70,0,1,delivered,live,live,32.46435546875,1,1070,True,False
supplemental,derived_ebe,c101_j7_subject_a_p1_c08_20260805T164723Z,77b6d55d-e07e-57b4-856f-b619889821b8,0b7ac90419765b93,1,0,suppressed_cooldown,live,,,0,,False,False
supplemental,derived_ebe,c101_j7_subject_a_p1_c08_20260805T165018Z,284a84eb-6540-561e-883a-47e444c39e30,e585144dbd47d738,0,1,delivered,live,live,38.936767578125,1,1069,True,False
supplemental,derived_ebe,c101_j7_subject_a_p1_c08_20260805T165018Z,39a50ad7-ac26-5849-91b8-5a4a9343570c,f79fab163fdeb274,1,0,suppressed_cooldown,live,,,0,,False,False
supplemental,derived_ebe,c101_j7_subject_a_p1_c09_20260805T164140Z,9dcd2c9c-1156-51a3-83ae-db169763cc35,bec6a8d1b879f8e0,0,1,delivered,live,live,35.58349609375,1,1067,True,False
supplemental,derived_ebe,c101_j7_subject_a_p1_c09_20260805T164955Z,f48d25c3-ceb0-5198-82a4-6d5b84b1f936,349948852d9dd412,0,1,delivered,live,live,43.083251953125,1,1070,True,False
supplemental,derived_ebe,c101_j7_subject_a_p1_c09_20260805T165018Z,06fddd01-d464-5fda-8ed3-87f2211549f3,a1695754a5cd2b35,0,1,delivered,live,live,42.5205078125,1,1069,True,False
supplemental,derived_ebe,c101_j7_subject_a_p1_c10_20260805T164140Z,4ce0cfdf-d122-50bf-bfe3-0e3b4a58a2b2,c0a5bfead9467c5d,0,1,delivered,live,live,65.72021484375,1,1068,True,False
supplemental,derived_ebe,c101_j7_subject_a_p1_c10_20260805T164724Z,b6f2fd98-f395-5553-8a62-a8a3c04e123b,e210d93512072aad,0,1,delivered,live,live,42.36083984375,1,1069,True,False
supplemental,derived_ebe,c101_j7_subject_a_p1_c10_20260805T165019Z,684a090b-6657-5a89-9176-a8c39c11e4f0,dd2ce4591436ef44,0,1,delivered,live,live,35.151123046875,1,1068,True,False
supplemental,derived_ebe,c101_j7_subject_a_p1_c11_20260805T164141Z,1c53cf69-88bb-556e-9cfa-bb17b46d4e83,9ac537cbbc9848f2,0,1,delivered,live,live,45.5078125,1,1068,True,False
supplemental,derived_ebe,c101_j7_subject_a_p1_c11_20260805T164724Z,8a56c757-1089-569d-8401-936c7783b4e2,a5f6deecc20672e0,0,1,delivered,live,live,35.756591796875,1,1071,True,False
supplemental,derived_ebe,c101_j7_subject_a_p1_c11_20260805T165019Z,16c94601-9437-50e7-a6c3-bab9457565ee,88b7c935413a23d7,0,1,delivered,live,live,47.4462890625,1,1071,True,False
supplemental,derived_ebe,c101_j7_subject_a_p1_c12_20260805T164142Z,8dc0b7a8-61e7-5835-9237-24a8b3221a8e,cdb3acd757dca465,0,1,delivered,live,live,32.560546875,1,1071,True,False
supplemental,derived_ebe,c101_j7_subject_a_p1_c12_20260805T164725Z,588f5c4c-b98e-5c88-8152-0dd140a71ab7,ce84323c175eb4c2,0,1,delivered,live,live,43.618896484375,1,1071,True,False
supplemental,derived_ebe,c101_j7_subject_a_p1_c12_20260805T165020Z,3341770a-01d8-5f96-941e-01c0cc427720,22242a1a48b04451,0,1,delivered,live,live,30.17822265625,1,1070,True,False
supplemental,derived_ebe,c101_j7_subject_a_p2_c02_20260805T164143Z,1adf3c4f-ab93-5616-90b6-1a5a7e997fd1,26d341ed6a4ea0bc,0,1,delivered,live,live,41.59912109375,1,1066,True,False
supplemental,derived_ebe,c101_j7_subject_a_p2_c02_20260805T164726Z,75f066b6-a632-5fc4-8ad3-1d5c2e5629ed,c2af1c7e7e71969f,0,1,delivered,live,live,47.9873046875,1,1064,True,False
supplemental,derived_ebe,c101_j7_subject_a_p2_c02_20260805T165021Z,c1eb9832-1234-5882-ad4a-30a6362db484,e2299516e772c786,0,1,delivered,live,live,44.309814453125,1,1065,True,False
supplemental,derived_ebe,c101_j7_subject_a_p2_c05_20260805T164145Z,19ab6c89-2b79-5fa5-aad8-aa2fad7cb375,1b6be23a20625bce,0,1,delivered,live,live,34.419921875,1,1070,True,False
supplemental,derived_ebe,c101_j7_subject_a_p2_c05_20260805T164728Z,65444fbc-0e10-5ba3-9af8-02fcee4d4384,2ee1625a66527000,0,1,delivered,live,live,62.1767578125,1,1072,True,False
supplemental,derived_ebe,c101_j7_subject_a_p2_c05_20260805T165023Z,4e7d0e6e-8dfc-5722-9f8c-5bf1e6568dbe,357cf466fa2d77f5,0,1,delivered,live,live,45.157958984375,1,1072,True,False
supplemental,derived_ebe,c101_j7_subject_a_p4_c01_20260805T164146Z,a94e7619-62c8-5079-a47a-7f7094a7949c,8dbd5ea4cf19d707,0,1,delivered,live,live,37.390380859375,1,1070,True,False
supplemental,derived_ebe,c101_j7_subject_a_p4_c01_20260805T164729Z,c0279485-a264-5b89-9900-bb53ccc28c1b,a976ce7db7d056b8,0,1,delivered,live,live,46.052978515625,1,1068,True,False
supplemental,derived_ebe,c101_j7_subject_a_p4_c01_20260805T165024Z,ebcdbd77-193a-52e4-bca9-aa4a8b99741c,e6d6dbc2385b4678,0,1,delivered,live,live,37.9599609375,1,1071,True,False
supplemental,derived_ebe,c101_j7_subject_a_p4_c02_20260805T164147Z,1fe22a7c-8a63-5433-b0e6-923c3d97cdb9,4e438e9c6bc6a86c,0,1,delivered,live,live,49.863525390625,1,1069,True,False
supplemental,derived_ebe,c101_j7_subject_a_p4_c02_20260805T164730Z,3fa1d7e8-78b2-551b-b998-aaca507d9a0e,748bf42b1f1918ff,0,1,delivered,live,live,45.43994140625,1,1067,True,False
supplemental,derived_ebe,c101_j7_subject_a_p4_c02_20260805T165025Z,e8b4a640-3480-5c2f-990f-ce8e20faef9b,f9bdab72c138c7a5,0,1,delivered,live,live,36.31884765625,1,1069,True,False
supplemental,derived_ebe,c101_j7_subject_a_p6_c01_20260805T164149Z,c1bcd770-4f8e-5f37-8b49-541829111909,f1cf219af9e479a8,0,1,delivered,live,live,44.019775390625,1,1071,True,False
supplemental,derived_ebe,c101_j7_subject_a_p6_c01_20260805T164149Z,8fefdc8c-3f34-5fc0-93a9-a0c5f97cceab,4dd5aaf0dfb55615,1,1,delivered,live,live,46.34619140625,1,1066,False,False
supplemental,derived_ebe,c101_j7_subject_a_p6_c01_20260805T164149Z,e4db86d3-a9f6-56ae-b687-6a1a067848d6,49a6a5361da5e6fd,2,0,suppressed_cooldown,live,,,0,,False,False
supplemental,derived_ebe,c101_j7_subject_a_p6_c01_20260805T164732Z,5de31bc6-857c-583a-8a83-98298340e152,d7598acd513cadcc,0,1,delivered,live,live,37.337158203125,1,1069,True,False
supplemental,derived_ebe,c101_j7_subject_a_p6_c01_20260805T164732Z,57943cbe-1dff-5ffa-ad65-f56dfe2417bb,6ff1c46e4a8f196c,1,1,delivered,live,live,39.5595703125,1,1065,False,False
supplemental,derived_ebe,c101_j7_subject_a_p6_c01_20260805T164732Z,090f4a45-3dd5-5cda-95f6-701f242126fd,47c49bd1610244c0,2,0,suppressed_cooldown,live,,,0,,False,False
supplemental,derived_ebe,c101_j7_subject_a_p6_c01_20260805T164732Z,8796175e-1977-5909-abd6-07bebd319bd1,3d45c41f1c2d682f,3,0,suppressed_cooldown,live,,,0,,False,False
supplemental,derived_ebe,c101_j7_subject_a_p6_c01_20260805T165027Z,1ab4347b-6bda-59bd-93d9-cf86ae08ec25,57a814fae7200baa,0,1,delivered,live,live,51.08544921875,1,1070,True,False
supplemental,derived_ebe,c101_j7_subject_a_p6_c01_20260805T165027Z,165c0d46-7a11-5d76-9ec0-90eb2f29122a,5fa012d71bcb1dc2,1,1,delivered,live,live,54.166748046875,1,1067,False,False
supplemental,derived_ebe,c101_j7_subject_a_p6_c01_20260805T165027Z,2ee50720-3861-5f23-8eb0-e9ab9e2062e4,0fb51cbf1eb466e0,2,0,suppressed_cooldown,live,,,0,,False,False
supplemental,derived_ebe,c101_j7_subject_a_p6_c02_20260805T164150Z,e93f08d4-c8df-521d-a6a5-21e21e182dae,0d2f16dacd97c66e,0,1,delivered,live,live,42.3076171875,1,1069,True,False
supplemental,derived_ebe,c101_j7_subject_a_p6_c02_20260805T164732Z,8b3f77de-8810-5574-adfa-07962f1a5a82,1bb0a49c68203a9f,0,1,delivered,live,live,32.990234375,1,1071,True,False
supplemental,derived_ebe,c101_j7_subject_a_p6_c02_20260805T164732Z,bb04433d-48e3-5ed2-a69e-81a2a6f53b17,ba8ad1b48e36c413,1,1,delivered,live,live,35.157470703125,1,1067,False,False
supplemental,derived_ebe,c101_j7_subject_a_p6_c02_20260805T165027Z,6bd9449c-2921-51f6-83f7-d6cf7aa47f2e,260b6dde99084482,0,1,delivered,live,live,44.634033203125,1,1070,True,False
supplemental,derived_ebe,c101_j7_subject_a_p6_c02_20260805T165027Z,f8bba47a-4778-5b26-949c-c5f0810a1095,1cc71b4c98df560d,1,1,delivered,live,live,46.274169921875,1,1067,False,False
supplemental,derived_ebe,c101_j7_subject_a_p7_c01_20260805T164150Z,30528ad2-e7c1-509f-9867-d6c4cf7f3b9e,142a16ce69f6bbd9,0,1,delivered,live,live,30.428466796875,1,1069,True,False
supplemental,derived_ebe,c101_j7_subject_a_p7_c01_20260805T164733Z,5aefb80d-8ada-5352-9002-5fd6a4093f99,e8b5dc346b562285,0,1,delivered,live,live,44.3125,1,1069,True,False
supplemental,derived_ebe,c101_j7_subject_a_p7_c01_20260805T165028Z,f560bb8f-b62a-59db-9b02-0176f0936f8d,7811193a5290d2ba,0,1,delivered,live,live,33.18603515625,1,1069,True,False
supplemental,derived_ebe,c101_j7_subject_a_p7_c01_20260805T165028Z,9335b9a2-b5a1-5019-bec5-099f00141886,b05ff78afc3bfdcd,1,0,suppressed_cooldown,live,,,0,,False,False
supplemental,derived_ebe,c101_j7_subject_a_p7_c02_20260805T164151Z,6792c453-d757-59dd-90ea-55c9152cfd2b,b9e80bc5fb06763f,0,1,delivered,live,live,46.856689453125,1,1070,True,False
supplemental,derived_ebe,c101_j7_subject_a_p7_c02_20260805T164733Z,5b75b10a-7e33-5eaf-b13a-21e2b4be7aaf,5e0c1643046c1b24,0,1,delivered,live,live,32.80810546875,1,1071,True,False
supplemental,derived_ebe,c101_j7_subject_a_p7_c02_20260805T164733Z,afbe1928-d372-59f7-9740-4b9c7e8b6480,ce63f5b78f191c00,1,0,suppressed_cooldown,live,,,0,,False,False
supplemental,derived_ebe,c101_j7_subject_a_p7_c02_20260805T165028Z,0162cd81-e1e9-531e-8007-db68a8a32141,dfdfa26a08bf7062,0,1,delivered,live,live,44.195068359375,1,1070,True,False
supplemental,derived_ebe,c101_j7_subject_a_p7_c02_20260805T165028Z,ff10fd84-971f-507b-980a-1249ad8361d3,c77397bb9bf5526e,1,0,suppressed_cooldown,live,,,0,,False,False
supplemental,derived_ebe,c101_j7_subject_a_p7_c02_20260805T165028Z,54b529e4-d94b-5826-8fb8-42ae073863ef,db32262cd437670d,2,0,suppressed_cooldown,live,,,0,,False,False
supplemental,derived_ebe,c101_j7_subject_a_p7_c03_20260805T164151Z,b81c6737-a447-54a0-ad9e-040fc90bf390,a53965399fcc6be8,0,1,delivered,live,live,40.967041015625,1,1067,True,False
supplemental,derived_ebe,c101_j7_subject_a_p7_c03_20260805T164151Z,cde0d1f0-cac0-573f-bf9f-72e3aed20612,c47d7d27444170ce,1,0,suppressed_cooldown,live,,,0,,False,False
supplemental,derived_ebe,c101_j7_subject_a_p7_c03_20260805T164734Z,d496c307-e5f1-525d-ba09-196fcee34094,b7bd8e26438db1f6,0,1,delivered,live,live,56.3828125,1,1071,True,False
supplemental,derived_ebe,c101_j7_subject_a_p7_c03_20260805T164734Z,8c6d8c5c-9b48-5841-bc8f-6a1b57e4f02b,dcfeebd2d98c6d58,1,0,suppressed_cooldown,live,,,0,,False,False
supplemental,derived_ebe,c101_j7_subject_a_p7_c03_20260805T164734Z,d6fc29e2-6435-582c-a4a5-8b4648530465,c9feac6360d872df,2,0,suppressed_cooldown,live,,,0,,False,False
supplemental,derived_ebe,c101_j7_subject_a_p7_c03_20260805T165029Z,44d071aa-bc22-5053-b697-aa293ed3f828,86f37327023e2325,0,1,delivered,live,live,54.30419921875,1,1070,True,False
supplemental,derived_ebe,c101_j7_subject_a_p7_c03_20260805T165029Z,5471e16b-f0a2-55b0-81a9-7552791f0597,31aeb2a1e40c1777,1,0,suppressed_cooldown,live,,,0,,False,False
supplemental,derived_ebe,c101_j7_subject_a_p7_c04_20260805T164152Z,9de9357d-87c9-5df3-b866-ad8f6cb99731,4041adc5b6d1e75c,0,1,delivered,live,live,33.8701171875,1,1069,True,False
supplemental,derived_ebe,c101_j7_subject_a_p7_c04_20260805T164734Z,d5e10fa5-69c0-5abf-b86e-b59286da6387,234698ab9542e445,0,1,delivered,live,live,64.353515625,1,1067,True,False
supplemental,derived_ebe,c101_j7_subject_a_p7_c04_20260805T165030Z,01da31cd-13dd-5cf5-94fd-432e2bc8c6d3,3375d601ba1660f5,0,1,delivered,live,live,52.607421875,1,1068,True,False
supplemental,derived_ebe,c101_j7_subject_a_p8_c01_20260805T164153Z,2f06476d-3e34-59eb-bfcc-40bcd96f9fa6,c4de06732e87c5c7,0,1,delivered,live,live,37.518310546875,1,1066,True,False
supplemental,derived_ebe,c101_j7_subject_a_p8_c01_20260805T164153Z,4d61e8d2-a238-53c2-aa36-5ce49fa79c3b,5426246726ad5f9b,1,0,suppressed_cooldown,live,,,0,,False,False
supplemental,derived_ebe,c101_j7_subject_a_p8_c01_20260805T164153Z,ad6df108-820d-50db-91fd-e8d5e47cfeb2,452da8edbd5ea68a,2,1,delivered,live,live,40.11572265625,1,1066,False,False
supplemental,derived_ebe,c101_j7_subject_a_p8_c01_20260805T164735Z,aacb7a0c-3a82-516c-a47d-dd807423e054,203d803ec8019dfc,0,1,delivered,live,live,45.276123046875,1,1069,True,False
supplemental,derived_ebe,c101_j7_subject_a_p8_c01_20260805T164735Z,34afd68c-85e7-5d2c-a2ab-e54ad07b8297,d9efa2ebcf332f18,1,0,suppressed_cooldown,live,,,0,,False,False
supplemental,derived_ebe,c101_j7_subject_a_p8_c01_20260805T165031Z,5112e4d1-cf76-59da-b3ea-4774e60eb918,1a1b00f3b211a5d9,0,1,delivered,live,live,35.164794921875,1,1070,True,False
supplemental,derived_ebe,c101_j7_subject_a_p8_c01_20260805T165031Z,344f5698-394c-5869-9069-214d2953e654,ea7f2f46f2c884f4,1,0,suppressed_cooldown,live,,,0,,False,False
supplemental,derived_ebe,c101_j7_subject_a_p8_c01_20260805T165031Z,cd548c86-30bc-5851-9ebb-d69416be4c36,075aa67151b9c516,2,1,delivered,live,live,37.4462890625,1,1065,False,False
supplemental,derived_ebe,c101_j7_subject_a_p8_c01_20260805T165031Z,02adfa89-34bb-5ff1-83fd-d57a9f996f66,bc5d06cc35a6e8a2,3,1,delivered,live,live,39.025146484375,1,1072,False,False
supplemental,derived_ebe,c101_j7_subject_a_p9_c01_20260805T164153Z,7630a2b0-1a33-5d50-b201-5a5dd958dcb1,04ca6ef2a3c18f36,0,1,delivered,live,live,48.393798828125,1,1069,True,False
supplemental,derived_ebe,c101_j7_subject_a_p9_c01_20260805T164736Z,de4c6683-0898-58bf-a903-cc6617910340,283a5af8cac96137,0,1,delivered,live,live,35.932373046875,1,1069,True,False
supplemental,derived_ebe,c101_j7_subject_a_p9_c01_20260805T165031Z,982e3e8c-d300-501d-b51f-2f0a0532ce8f,a11f2882b67b6763,0,1,delivered,live,live,43.905517578125,1,1070,True,False
supplemental,derived_ebe,c101_j7_subject_a_p9_c02_20260805T164154Z,eae8f18f-955d-5357-b8a2-96479f64fc8f,e1ba42b2dfcd0394,0,1,delivered,live,live,33.62060546875,1,1070,True,False
supplemental,derived_ebe,c101_j7_subject_a_p9_c02_20260805T164736Z,1a4c2e29-3bf6-5271-92e3-20740a78f0a4,8a9a96720ee2ab4e,0,1,delivered,live,live,46.894287109375,1,1070,True,False
supplemental,derived_ebe,c101_j7_subject_a_p9_c02_20260805T165032Z,b6f8bf3e-c984-5ae8-b17e-36d81fa4febf,57c5b564a3140411,0,1,delivered,live,live,47.320556640625,1,1069,True,False
supplemental,derived_ebe,c101_j7_subject_a_p9_c03_20260805T164154Z,3b3e12af-a425-59b9-a84f-4f1e976ff2e0,c507b2659d6d912f,0,1,delivered,live,live,46.032958984375,1,1067,True,False
supplemental,derived_ebe,c101_j7_subject_a_p9_c03_20260805T164737Z,05b3a753-70ad-547b-9223-e3c57bd164e3,9a5eba62868c5ab1,0,1,delivered,live,live,34.78955078125,1,1069,True,False
supplemental,derived_ebe,c101_j7_subject_a_p9_c03_20260805T165033Z,1488d841-b7c2-538b-926d-ee06b92daf29,fb4c2d3427983327,0,1,delivered,live,live,46.081298828125,1,1068,True,False
supplemental,derived_ebe,c101_j7_subject_a_p9_c06_20260805T164155Z,9e90137a-5582-5633-a7e2-8ef1ac9b7c6f,0621eefd8464cd56,0,1,delivered,live,live,34.272705078125,1,1069,True,False
supplemental,derived_ebe,c101_j7_subject_a_p9_c06_20260805T164737Z,ea26afaf-27bb-5bae-8a3e-036392c0b6c5,93c992e9da33555c,0,1,delivered,live,live,42.603271484375,1,1070,True,False
supplemental,derived_ebe,c101_j7_subject_a_p9_c06_20260805T165034Z,88808b59-269d-5d64-aa07-02530bdeadcd,cb81686fd5cf5181,0,1,delivered,live,live,30.35302734375,1,1070,True,False
supplemental,derived_ebe,c101_j7_subject_a_p9_c08_20260805T164155Z,07826d95-c3cb-59b2-9615-fd5d80fed306,00f877f792a3c4db,0,1,delivered,live,live,57.659423828125,1,1068,True,False
supplemental,derived_ebe,c101_j7_subject_a_p9_c08_20260805T164738Z,f1c0e33f-c67a-54e7-9fe3-d5cc44f51910,25195144860681af,0,1,delivered,live,live,36.033935546875,1,1070,True,False
supplemental,derived_ebe,c101_j7_subject_a_p9_c08_20260805T165034Z,81dbc8fc-e53e-5e56-b0d7-776b5ce57232,c674d04821d219c4,0,1,delivered,live,live,41.453857421875,1,1068,True,False
supplemental,derived_ebe,c101_s12_scene_a_p1_c02_20260805T164156Z,8d70c72d-f015-51df-bcd1-cf998b993afd,9256f4cefadce185,0,1,delivered,live,live,32.38525390625,1,1032,True,False
supplemental,derived_ebe,c101_s12_scene_a_p1_c02_20260805T164156Z,bb7db0ba-9c23-5b5e-8efb-f97b0974e9ad,8c4493f17824b917,1,0,suppressed_cooldown,live,,,0,,False,False
supplemental,derived_ebe,c101_s12_scene_a_p1_c03_20260805T164156Z,48eb5218-a148-5272-a9f1-f83a36af6b66,66afe0937e100bac,0,1,delivered,live,live,43.703369140625,1,1032,True,False
supplemental,derived_ebe,c101_s12_scene_a_p1_c04_20260805T164157Z,b19fb273-e1c7-5054-a119-c7ddbd1937fe,299f3d4a789ac74b,0,1,delivered,live,live,34.927734375,1,1033,True,False
supplemental,derived_ebe,c101_s12_scene_a_p1_c05_20260805T164158Z,19ce2772-5656-5786-a627-b065095372ef,5055e14f72b8e2b0,0,1,delivered,live,live,44.062255859375,1,1031,True,False
supplemental,derived_ebe,c101_s12_scene_a_p1_c06_20260805T164158Z,bc0ab187-fb84-5aa9-bc79-7ef2f0aa21d5,78870d08c8be66b7,0,1,delivered,live,live,40.03857421875,1,1031,True,False
supplemental,derived_ebe,c101_s12_scene_a_p1_c07_20260805T164159Z,ff236966-c51d-5338-b2ed-6591b0634e8c,3677a29af8d5cef2,0,1,delivered,live,live,64.42822265625,1,1033,True,False
supplemental,derived_ebe,c101_s12_scene_a_p1_c08_20260805T164159Z,6dbcb428-1142-5396-838c-539edc01ad8d,5d6badd1d298a881,0,1,delivered,live,live,50.1796875,1,1032,True,False
supplemental,derived_ebe,c101_s12_scene_a_p1_c08_20260805T164159Z,c087144d-6406-5491-84c9-1e41c4d44334,7a438b2f10feb3ea,1,0,suppressed_cooldown,live,,,0,,False,False
supplemental,derived_ebe,c101_s12_scene_a_p1_c09_20260805T164200Z,3db33cec-84b5-5f00-b5c5-c2f0d54536a0,0f0ce7e3304eb570,0,1,delivered,live,live,53.8447265625,1,1031,True,False
supplemental,derived_ebe,c101_s12_scene_a_p1_c10_20260805T164200Z,711d846a-d63c-58df-ae1b-759f820e4183,1627201bd0199365,0,1,delivered,live,live,33.518310546875,1,1031,True,False
supplemental,derived_ebe,c101_s12_scene_a_p1_c11_20260805T164201Z,a890ac05-46c7-5d4c-98f0-3d357dde92d5,0917f35607f549e5,0,1,delivered,live,live,47.9970703125,1,1033,True,False
supplemental,derived_ebe,c101_s12_scene_a_p1_c12_20260805T164201Z,9177816d-5ba2-58e4-9f03-bbb47aff507a,becfcc6d7857ce55,0,1,delivered,live,live,53.58154296875,1,1033,True,False
supplemental,derived_ebe,c101_s12_scene_a_p2_c02_20260805T164202Z,d599fe53-53ed-5b2b-b989-9d99ff0337c4,a6c5910a7c5a920f,0,1,delivered,live,live,45.444580078125,1,1027,True,False
supplemental,derived_ebe,c101_s12_scene_a_p2_c05_20260805T164204Z,5e797155-02ae-5ec0-ade0-401491008366,cba57045c0ce6839,0,1,delivered,live,live,43.1865234375,1,1032,True,False
supplemental,derived_ebe,c101_s12_scene_a_p4_c01_20260805T164206Z,3397c17e-fd29-59a6-8d5d-42fe9ac80171,3e19bf827a5b6ffb,0,1,delivered,live,live,46.4873046875,1,1031,True,False
supplemental,derived_ebe,c101_s12_scene_a_p4_c02_20260805T164206Z,973cf917-fbf3-55e5-86b3-4e953f272580,ca56e30597c8337f,0,1,delivered,live,live,33.89990234375,1,1031,True,False
supplemental,derived_ebe,c101_s12_scene_a_p6_c01_20260805T164208Z,a737ee4b-20f4-5799-961c-07aeeb41cded,75809d31709e8f6a,0,1,delivered,live,live,44.712158203125,1,1033,True,False
supplemental,derived_ebe,c101_s12_scene_a_p6_c01_20260805T164208Z,750f2ab5-da5c-5fe5-ac79-09bd882d3edf,fcc6d54952192f50,1,1,delivered,live,live,47.06494140625,1,1027,False,False
supplemental,derived_ebe,c101_s12_scene_a_p6_c02_20260805T164209Z,4f1bf331-4b4d-5786-a170-9f9d44eb1c5c,d83a71361775b286,0,1,delivered,live,live,31.4794921875,1,1033,True,False
supplemental,derived_ebe,c101_s12_scene_a_p6_c02_20260805T164209Z,08c0c6df-bddf-59d0-8272-e5b7582472c4,20e97dc2ab1a2121,1,1,delivered,live,live,33.237060546875,1,1029,False,False
supplemental,derived_ebe,c101_s12_scene_a_p7_c01_20260805T164209Z,53f9adaa-59d3-5556-bee1-1f87ac613f8c,b3d50f4fad2497c4,0,1,delivered,live,live,44.315185546875,1,1031,True,False
supplemental,derived_ebe,c101_s12_scene_a_p7_c02_20260805T164210Z,9520df44-b8f2-571a-8cc3-ac5b8bf79120,f10c11fd6d3ea859,0,1,delivered,live,live,34.502197265625,1,1032,True,False
supplemental,derived_ebe,c101_s12_scene_a_p7_c02_20260805T164210Z,79f556f4-2f9d-5f3e-979f-f08fbf8fa52a,9b64f35387447005,1,1,delivered,live,live,36.8759765625,1,1029,False,False
supplemental,derived_ebe,c101_s12_scene_a_p7_c03_20260805T164210Z,3a7360fa-cf1d-5d31-b701-2e0648aef34c,e09cf0a2272ab3dc,0,1,delivered,live,live,43.0703125,1,1033,True,False
supplemental,derived_ebe,c101_s12_scene_a_p7_c03_20260805T164210Z,60659fd9-5b6c-53d2-b758-d8206f152b2b,e92e33d5a1f9ad03,1,0,suppressed_cooldown,live,,,0,,False,False
supplemental,derived_ebe,c101_s12_scene_a_p7_c03_20260805T164210Z,3d826ff0-c04f-50fc-8bec-5da6f31cb22e,f3cf80fc09266290,2,1,delivered,live,live,46.410400390625,1,1026,False,False
supplemental,derived_ebe,c101_s12_scene_a_p7_c04_20260805T164211Z,51e2aef7-38d4-5c77-91d0-1622984d6fad,79003ec9030b03a3,0,1,delivered,live,live,31.9267578125,1,1031,True,False
supplemental,derived_ebe,c101_s12_scene_a_p8_c01_20260805T164211Z,769f91bd-6cd2-5e03-b5c7-c0fec1294c9f,7dd4cf056be33fc7,0,1,delivered,live,live,42.953857421875,1,1032,True,False
supplemental,derived_ebe,c101_s12_scene_a_p8_c01_20260805T164211Z,9991e547-5412-51e0-9494-6f70a098cf2b,00f1036f6e607ae7,1,1,delivered,live,live,45.982666015625,1,1028,False,False
supplemental,derived_ebe,c101_s12_scene_a_p9_c01_20260805T164212Z,951a7e8f-e5e8-5025-8e64-36cf2ab812a5,3e514533883d6300,0,1,delivered,live,live,30.222900390625,1,1032,True,False
supplemental,derived_ebe,c101_s12_scene_a_p9_c02_20260805T164212Z,32efca8d-63a0-58a4-9350-fc78bbbf97e9,a6bc36e4cf8509fc,0,1,delivered,live,live,45.175537109375,1,1032,True,False
supplemental,derived_ebe,c101_s12_scene_a_p9_c03_20260805T164213Z,e380015a-9a72-53d2-8147-324b872e48f6,41c766247ccb86a7,0,1,delivered,live,live,43.226318359375,1,1032,True,False
supplemental,derived_ebe,c101_s12_scene_a_p9_c06_20260805T164213Z,fc229fc1-cf4b-5de5-8c13-8d49cc86c6e9,29f5c0d43099609a,0,1,delivered,live,live,46.822509765625,1,1032,True,False
supplemental,derived_ebe,c101_s12_scene_a_p9_c08_20260805T164214Z,2dafd45e-16f4-53e1-ac9e-2aa4d662e440,d2fb0680ca5c32ac,0,1,delivered,live,live,55.8330078125,1,1032,True,False
supplemental,derived_ebe,c101_s12_subject_a_p1_c02_20260805T164215Z,06e1553b-e466-58f1-9c81-bb65957c5597,1fa9c4a11126e59e,0,1,delivered,live,live,35.505615234375,1,1069,True,False
supplemental,derived_ebe,c101_s12_subject_a_p1_c02_20260805T164215Z,9b849c9f-52be-5c75-939d-ebae1a84669d,7f99a552f5248977,1,0,suppressed_cooldown,live,,,0,,False,False
supplemental,derived_ebe,c101_s12_subject_a_p1_c03_20260805T164215Z,cd4da116-bc54-5e40-9717-1e1a97bc67ef,fa8061ee157658e8,0,1,delivered,live,live,50.135009765625,1,1069,True,False
supplemental,derived_ebe,c101_s12_subject_a_p1_c04_20260805T164216Z,40bf3b24-c431-5d0d-bc74-c701febfffe3,06cb7142b948df60,0,1,delivered,live,live,50.496826171875,1,1070,True,False
supplemental,derived_ebe,c101_s12_subject_a_p1_c04_20260805T164216Z,2e86ade9-4fa1-5139-835e-4ee931e7019a,132051ea35ce9bbd,1,0,suppressed_cooldown,live,,,0,,False,False
supplemental,derived_ebe,c101_s12_subject_a_p1_c05_20260805T164217Z,98efdb1d-3090-5273-adf7-b43070bc5128,0dddea21ba9966c6,0,1,delivered,live,live,53.04345703125,1,1069,True,False
supplemental,derived_ebe,c101_s12_subject_a_p1_c06_20260805T164217Z,f4630ae1-b409-5b9c-9169-bd0727bc57f2,2d82579b98a2fefa,0,1,delivered,live,live,41.72802734375,1,1068,True,False
supplemental,derived_ebe,c101_s12_subject_a_p1_c06_20260805T164217Z,d5d3f527-52a0-5f01-9b1e-1ed90dcc635f,ec019f57da71f9d4,1,0,suppressed_cooldown,live,,,0,,False,False
supplemental,derived_ebe,c101_s12_subject_a_p1_c07_20260805T164218Z,24b98c0d-bc52-520b-a544-d683f9637baa,4650390e6157f7e4,0,1,delivered,live,live,35.565185546875,1,1071,True,False
supplemental,derived_ebe,c101_s12_subject_a_p1_c08_20260805T164219Z,492fc55e-7c52-54a0-9a38-f7ffdcb1026c,05b49915ecd6f6eb,0,1,delivered,live,live,46.463134765625,1,1070,True,False
supplemental,derived_ebe,c101_s12_subject_a_p1_c08_20260805T164219Z,7c1bfb8d-fc09-5712-998f-f327a8310ebe,25a1546aba2a4d6b,1,0,suppressed_cooldown,live,,,0,,False,False
supplemental,derived_ebe,c101_s12_subject_a_p1_c09_20260805T164220Z,40e405b3-64bc-56ea-b9bd-a13f25303752,70db213db33bec49,0,1,delivered,live,live,37.822998046875,1,1069,True,False
supplemental,derived_ebe,c101_s12_subject_a_p1_c10_20260805T164221Z,b11c5744-5dea-5ecd-8983-0896876541ed,b5af6c6f356046fc,0,1,delivered,live,live,43.755859375,1,1070,True,False
supplemental,derived_ebe,c101_s12_subject_a_p1_c11_20260805T164221Z,195161b6-3457-5bf7-a000-a8ad177fdbf2,b359b6f3225f55e1,0,1,delivered,live,live,39.65625,1,1071,True,False
supplemental,derived_ebe,c101_s12_subject_a_p1_c12_20260805T164222Z,1d4f6462-eba1-51eb-a126-9c0a2e42f7f0,b260a063cc62c70a,0,1,delivered,live,live,43.01416015625,1,1071,True,False
supplemental,derived_ebe,c101_s12_subject_a_p2_c02_20260805T164223Z,f6ac3a4b-2d6e-5e90-9f77-5cbe60246561,c6e42c6cbce342de,0,1,delivered,live,live,40.134033203125,1,1065,True,False
supplemental,derived_ebe,c101_s12_subject_a_p2_c05_20260805T164225Z,d5edf6f6-bc9e-54c8-a472-0df47d681d09,ebbdf7366450808a,0,1,delivered,live,live,49.814208984375,1,1070,True,False
supplemental,derived_ebe,c101_s12_subject_a_p4_c01_20260805T164226Z,e3018aa6-b288-56f7-b098-446b31c3a00b,4cacafa4d07dcc88,0,1,delivered,live,live,38.29248046875,1,1069,True,False
supplemental,derived_ebe,c101_s12_subject_a_p4_c02_20260805T164227Z,0cabc84e-c86b-5111-aaa4-6081870ad8c2,c2e4a6c5b64e6bc0,0,1,delivered,live,live,44.6806640625,1,1069,True,False
supplemental,derived_ebe,c101_s12_subject_a_p6_c01_20260805T164229Z,f1a292a7-1a0d-5b66-b0d2-8830da6c1bf7,b4d160be7e186798,0,1,delivered,live,live,45.6650390625,1,1070,True,False
supplemental,derived_ebe,c101_s12_subject_a_p6_c02_20260805T164229Z,979b92ab-445f-5045-80c0-45a6059a189f,bf90159ca562f96d,0,1,delivered,live,live,35.55419921875,1,1071,True,False
supplemental,derived_ebe,c101_s12_subject_a_p6_c02_20260805T164229Z,4d9f813a-31b2-597c-a507-2449ab946f97,36406f21a53d105b,1,1,delivered,live,live,37.31689453125,1,1067,False,False
supplemental,derived_ebe,c101_s12_subject_a_p7_c01_20260805T164230Z,77bfdacc-0351-5508-9802-a701a3bf9da8,6401bd7d4370402d,0,1,delivered,live,live,43.916015625,1,1070,True,False
supplemental,derived_ebe,c101_s12_subject_a_p7_c02_20260805T164230Z,1556aec9-6d96-5044-afab-42700a8f6342,4e458b7437684533,0,1,delivered,live,live,42.08447265625,1,1072,True,False
supplemental,derived_ebe,c101_s12_subject_a_p7_c03_20260805T164231Z,6eb0b2d2-0d9a-575a-a36d-d6ee3faf1126,25718b00842f5525,0,1,delivered,live,live,54.440185546875,1,1071,True,False
supplemental,derived_ebe,c101_s12_subject_a_p7_c03_20260805T164231Z,aa466e11-74f8-53a0-85a7-8dc60b2fbb43,3204e9a847a63b16,1,0,suppressed_cooldown,live,,,0,,False,False
supplemental,derived_ebe,c101_s12_subject_a_p7_c04_20260805T164232Z,e46428a7-bbb5-5506-b603-64830e4b34a7,449eb18f2088f29b,0,1,delivered,live,live,47.32373046875,1,1069,True,False
supplemental,derived_ebe,c101_s12_subject_a_p8_c01_20260805T164233Z,bf088a07-e126-54b1-9c12-cfb6985d8958,aa239680266c4903,0,1,delivered,live,live,34.287353515625,1,1070,True,False
supplemental,derived_ebe,c101_s12_subject_a_p8_c01_20260805T164233Z,e2f9eef7-1a7a-5a94-ad28-01f1cb5de5b0,d65fa9e6b25eb486,1,0,suppressed_cooldown,live,,,0,,False,False
supplemental,derived_ebe,c101_s12_subject_a_p9_c01_20260805T164233Z,e171c0d5-28e8-5d8a-aeec-3f4820da3425,593201e75b449978,0,1,delivered,live,live,42.62353515625,1,1070,True,False
supplemental,derived_ebe,c101_s12_subject_a_p9_c02_20260805T164234Z,dad32af7-792d-588d-9779-2a7cedadf64b,2257c42e1b619d0b,0,1,delivered,live,live,34.475341796875,1,1069,True,False
supplemental,derived_ebe,c101_s12_subject_a_p9_c03_20260805T164234Z,5880d747-cd2e-5e6b-960d-f242a57f4003,8fe7f3cb6e618c5f,0,1,delivered,live,live,44.211181640625,1,1070,True,False
supplemental,derived_ebe,c101_s12_subject_a_p9_c06_20260805T164235Z,1870ddac-5621-5ed6-9745-be745cb69490,c94e7111eaf94d8d,0,1,delivered,live,live,33.06689453125,1,1070,True,False
supplemental,derived_ebe,c101_s12_subject_a_p9_c08_20260805T164235Z,d6b66943-2010-51d9-8ffc-6e72a576aed3,eb8c3bcd5327187e,0,1,delivered,live,live,47.391357421875,1,1069,True,False
supplemental,derived_ebe,c101_s7dec_scene_a_p1_c02_20260805T164010Z,ece899d1-d37d-58be-918e-a94029f65f1a,76659bc86f718690,0,1,delivered,live,live,43.15869140625,1,1033,True,False
supplemental,derived_ebe,c101_s7dec_scene_a_p1_c02_20260805T164010Z,82c1a34f-67a0-5aa6-afd5-eb8dce34e5bc,07483a34463f96f5,1,0,suppressed_cooldown,live,,,0,,False,False
supplemental,derived_ebe,c101_s7dec_scene_a_p1_c03_20260805T164037Z,7a8ba381-e45e-52f7-bb16-d0f2350d5284,6062397d24c1397c,0,1,delivered,live,live,42.158447265625,1,1035,True,False
supplemental,derived_ebe,c101_s7dec_scene_a_p1_c04_20260805T164038Z,84d79a88-17e5-5d68-b711-7b0536bab419,d5b76b5b04220102,0,1,delivered,live,live,48.892822265625,1,1035,True,False
supplemental,derived_ebe,c101_s7dec_scene_a_p1_c05_20260805T164038Z,9f1c9312-0b3d-501e-b22f-6ff19946eef8,72bd8e8e4890c95a,0,1,delivered,live,live,43.3916015625,1,1033,True,False
supplemental,derived_ebe,c101_s7dec_scene_a_p1_c06_20260805T164039Z,8e75cfef-eedd-5e50-bfff-33f893665bf7,61de43b87aca9ec1,0,1,delivered,live,live,44.197509765625,1,1033,True,False
supplemental,derived_ebe,c101_s7dec_scene_a_p1_c07_20260805T164039Z,786b6e30-9c6d-578c-b0fd-3a6148f0f7d6,152ca13218a88e7a,0,1,delivered,live,live,35.0693359375,1,1035,True,False
supplemental,derived_ebe,c101_s7dec_scene_a_p1_c08_20260805T164040Z,80feb88e-8c37-5fcd-ab45-c7c18aaea1bc,baccb58fecf0ac99,0,1,delivered,live,live,44.363037109375,1,1034,True,False
supplemental,derived_ebe,c101_s7dec_scene_a_p1_c08_20260805T164040Z,9f65b1c3-821e-5644-b183-8fcffcc0138a,0f047afa469fdf59,1,0,suppressed_cooldown,live,,,0,,False,False
supplemental,derived_ebe,c101_s7dec_scene_a_p1_c09_20260805T164040Z,4b4b0da9-7159-5562-b623-373076215e2e,4f53f3cee5233d5d,0,1,delivered,live,live,33.125732421875,1,1033,True,False
supplemental,derived_ebe,c101_s7dec_scene_a_p1_c10_20260805T164041Z,7bd65e87-8e5a-5560-83fe-dc0e4c008e9a,a0c38e10b6655721,0,1,delivered,live,live,43.49658203125,1,1034,True,False
supplemental,derived_ebe,c101_s7dec_scene_a_p1_c11_20260805T164042Z,0f2340fc-1494-58bb-972a-8d1ca7878738,6fddbac90b13ccdb,0,1,delivered,live,live,45.319580078125,1,1035,True,False
supplemental,derived_ebe,c101_s7dec_scene_a_p1_c12_20260805T164042Z,b546eeb3-983f-5b6f-b69a-5c5976dc1d3c,be23d4ad343c5b73,0,1,delivered,live,live,37.25439453125,1,1036,True,False
supplemental,derived_ebe,c101_s7dec_scene_a_p2_c01_20260805T164043Z,51ad9f80-ad10-59c0-a3e6-23cacabdca94,707b9a2f7c53f75c,0,1,delivered,live,live,45.183349609375,1,1032,True,False
supplemental,derived_ebe,c101_s7dec_scene_a_p2_c02_20260805T164043Z,0b929d8e-d613-5738-a9c9-d0b8e36757ee,eb643f0e45b88444,0,1,delivered,live,live,42.89306640625,1,1029,True,False
supplemental,derived_ebe,c101_s7dec_scene_a_p2_c03_20260805T164044Z,fb270a79-76ae-5e35-84a2-a49e688fe24d,4a77a2e13ede856c,0,1,delivered,live,live,33.45556640625,1,1032,True,False
supplemental,derived_ebe,c101_s7dec_scene_a_p2_c05_20260805T164045Z,a078e575-7233-5850-81be-849c18ea6a36,7af6e56b0b29952a,0,1,delivered,live,live,33.71240234375,1,1037,True,False
supplemental,derived_ebe,c101_s7dec_scene_a_p4_c01_20260805T164047Z,6ecbb50b-a72d-5fdc-bbd9-9aeb147e4cc4,db42612804e7d5dc,0,1,delivered,live,live,43.308349609375,1,1035,True,False
supplemental,derived_ebe,c101_s7dec_scene_a_p4_c02_20260805T164048Z,1295ebc8-87ad-5b5d-8a7a-21d401db5167,4a761cc0740d696c,0,1,delivered,live,live,32.79541015625,1,1033,True,False
supplemental,derived_ebe,c101_s7dec_scene_a_p6_c01_20260805T164050Z,7fff704d-483a-5cbc-83b3-50a35c0d2d0b,55ade95aa18a8825,0,1,delivered,live,live,43.185791015625,1,1036,True,False
supplemental,derived_ebe,c101_s7dec_scene_a_p6_c02_20260805T164050Z,8cc642c4-09b4-5384-a346-efdbd4dd4e3e,321fab97388a88ac,0,1,delivered,live,live,36.462158203125,1,1036,True,False
supplemental,derived_ebe,c101_s7dec_scene_a_p6_c02_20260805T164050Z,74eedbc1-02f0-5198-bdca-98bc6941fa98,a92563c93d7e276b,1,1,delivered,live,live,38.653076171875,1,1032,False,False
supplemental,derived_ebe,c101_s7dec_scene_a_p7_c01_20260805T164051Z,0dacdde1-9959-527e-a482-f52aae081d53,5333820a9b629169,0,1,delivered,live,live,46.874755859375,1,1035,True,False
supplemental,derived_ebe,c101_s7dec_scene_a_p7_c02_20260805T164052Z,c1905b0a-5e65-5581-96ba-1e5c9bfad78b,960776b9b8335d37,0,1,delivered,live,live,36.5478515625,1,1034,True,False
supplemental,derived_ebe,c101_s7dec_scene_a_p7_c02_20260805T164052Z,a4e98752-d0fb-5ef0-9e6a-51ef2f55a810,edf306322f6acd9d,1,0,suppressed_cooldown,live,,,0,,False,False
supplemental,derived_ebe,c101_s7dec_scene_a_p7_c02_20260805T164052Z,412b1344-9413-525c-acff-880860c617eb,ef826e79bf457eb3,2,1,delivered,live,live,38.740234375,1,1031,False,False
supplemental,derived_ebe,c101_s7dec_scene_a_p7_c03_20260805T164052Z,fa8b052b-28d7-5a2b-8fb3-023afa875a53,ff5c047da02460d1,0,1,delivered,live,live,50.220458984375,1,1032,True,False
supplemental,derived_ebe,c101_s7dec_scene_a_p7_c03_20260805T164052Z,054a2529-69af-52f1-99be-4c227599743b,6bebb0411c335b14,1,0,suppressed_cooldown,live,,,0,,False,False
supplemental,derived_ebe,c101_s7dec_scene_a_p7_c03_20260805T164052Z,80dcf6e7-94d4-5c3d-8e59-6f5414349f04,fcedb93a77108a26,2,1,delivered,live,live,53.184814453125,1,1030,False,False
supplemental,derived_ebe,c101_s7dec_scene_a_p7_c04_20260805T164053Z,bde48489-1f0a-5b41-a643-5e5f68e29d42,6f028d913c0fbe62,0,1,delivered,live,live,43.552978515625,1,1034,True,False
supplemental,derived_ebe,c101_s7dec_scene_a_p8_c01_20260805T164053Z,01abfd9e-f8bf-5310-8c01-42ee555a1f4f,8337a440c1c6fa8d,0,1,delivered,live,live,34.772705078125,1,1035,True,False
supplemental,derived_ebe,c101_s7dec_scene_a_p8_c01_20260805T164053Z,73c5a39e-e47b-5a38-93d6-2fad64599812,31a380378c2cc10d,1,1,delivered,live,live,36.343994140625,1,1030,False,False
supplemental,derived_ebe,c101_s7dec_scene_a_p9_c01_20260805T164054Z,26e6f635-4673-5b9e-8ac1-ec003ae23525,fed894bfcca05cce,0,1,delivered,live,live,45.036865234375,1,1034,True,False
supplemental,derived_ebe,c101_s7dec_scene_a_p9_c02_20260805T164054Z,26736267-1a3f-54f7-9e19-93afcf9ca860,72d654972e02c55f,0,1,delivered,live,live,35.71826171875,1,1034,True,False
supplemental,derived_ebe,c101_s7dec_scene_a_p9_c03_20260805T164055Z,7f1c1818-db1d-5229-af8e-689d5a495197,4ce96df24c54341c,0,1,delivered,live,live,49.075927734375,1,1035,True,False
supplemental,derived_ebe,c101_s7dec_scene_a_p9_c06_20260805T164056Z,e4190d70-5887-5c36-86c6-6bde3d173d04,bbc8e9c26a973d78,0,1,delivered,live,live,32.79541015625,1,1032,True,False
supplemental,derived_ebe,c101_s7dec_scene_a_p9_c08_20260805T164056Z,bd6249a9-093b-5c53-a236-7f3a8f8d6a52,e2519c56bf83eafe,0,1,delivered,live,live,41.836669921875,1,1035,True,False
supplemental,derived_ebe,c101_s7dec_subject_a_p1_c02_20260805T164011Z,edf3b063-30e1-5763-bd85-f871bbca10f0,74c3b01ca8c4dab0,0,1,delivered,live,live,38.864013671875,1,1071,True,False
supplemental,derived_ebe,c101_s7dec_subject_a_p1_c02_20260805T164011Z,4630a1cb-5527-5988-a510-fc1610ac108c,85a3a285c6b64856,1,0,suppressed_cooldown,live,,,0,,False,False
supplemental,derived_ebe,c101_s7dec_subject_a_p1_c03_20260805T164057Z,b24bb4ee-fcf5-595a-975a-5f3f2fb6ecbf,23c6068761002d1d,0,1,delivered,live,live,44.679443359375,1,1073,True,False
supplemental,derived_ebe,c101_s7dec_subject_a_p1_c04_20260805T164057Z,9beccbc1-d8bb-5a72-9f96-8f1b4920aa1f,a9187364751d1796,0,1,delivered,live,live,37.930419921875,1,1073,True,False
supplemental,derived_ebe,c101_s7dec_subject_a_p1_c05_20260805T164058Z,8f7217ce-09ce-596b-8eb3-ee0a724fc800,b75c4d74e4dddb7a,0,1,delivered,live,live,44.524658203125,1,1072,True,False
supplemental,derived_ebe,c101_s7dec_subject_a_p1_c06_20260805T164059Z,2fd32518-0b34-5b6c-b740-d1ee94c90f05,007e2f09574e0334,0,1,delivered,live,live,30.62548828125,1,1072,True,False
supplemental,derived_ebe,c101_s7dec_subject_a_p1_c06_20260805T164059Z,19e73fbb-ed58-5837-9f98-f200cea80ad6,83f0ae37ad0ff709,1,0,suppressed_cooldown,live,,,0,,False,False
supplemental,derived_ebe,c101_s7dec_subject_a_p1_c07_20260805T164059Z,9045f725-d9dd-5119-b1e9-32c80529c0fc,26846918399bbd9e,0,1,delivered,live,live,43.1484375,1,1073,True,False
supplemental,derived_ebe,c101_s7dec_subject_a_p1_c08_20260805T164100Z,245f4908-67b0-53f2-ad6d-5984940665e3,a35249b4fdd717dc,0,1,delivered,live,live,33.363037109375,1,1072,True,False
supplemental,derived_ebe,c101_s7dec_subject_a_p1_c08_20260805T164100Z,c71955c1-739c-581b-bad6-b6c68062be62,b2246f7fd2b3e741,1,0,suppressed_cooldown,live,,,0,,False,False
supplemental,derived_ebe,c101_s7dec_subject_a_p1_c09_20260805T164100Z,4288b685-9d8a-5d50-9dac-a0a66a3f2a06,4452ec07a239bb35,0,1,delivered,live,live,43.595703125,1,1070,True,False
supplemental,derived_ebe,c101_s7dec_subject_a_p1_c10_20260805T164101Z,b4c5ae69-3ef5-5790-9093-2e9e67f36fa6,f644f18b488d5346,0,1,delivered,live,live,34.370361328125,1,1071,True,False
supplemental,derived_ebe,c101_s7dec_subject_a_p1_c11_20260805T164101Z,abb18fe1-4bca-5ee8-9269-a0fb18647cb9,d8a4332356ed64cc,0,1,delivered,live,live,42.2158203125,1,1073,True,False
supplemental,derived_ebe,c101_s7dec_subject_a_p1_c12_20260805T164102Z,9fd75828-ca08-57d0-b723-0494f2079f34,cbb80a6e84060b1c,0,1,delivered,live,live,35.56640625,1,1073,True,False
supplemental,derived_ebe,c101_s7dec_subject_a_p2_c01_20260805T164103Z,d1ba1f30-125b-5cb7-b87d-fd65f1b0f6bd,2a8b807d4fe6fefe,0,1,delivered,live,live,42.305419921875,1,1069,True,False
supplemental,derived_ebe,c101_s7dec_subject_a_p2_c02_20260805T164103Z,b685689a-2ac4-5b8a-8727-a5b9a92ea133,d61229204a102bfb,0,1,delivered,live,live,31.165283203125,1,1066,True,False
supplemental,derived_ebe,c101_s7dec_subject_a_p2_c03_20260805T164104Z,1c1cc840-a5a5-5b27-aead-efe3032b942d,55ef90f2828610c1,0,1,delivered,live,live,43.11865234375,1,1069,True,False
supplemental,derived_ebe,c101_s7dec_subject_a_p2_c05_20260805T164105Z,c0b3adb8-17de-5c82-934e-2c4ea4a3e7aa,e25646df2129e763,0,1,delivered,live,live,41.893798828125,1,1075,True,False
supplemental,derived_ebe,c101_s7dec_subject_a_p4_c01_20260805T164106Z,8596438a-3154-531b-8d05-c230fb232ea7,00243223e5111c72,0,1,delivered,live,live,44.10498046875,1,1071,True,False
supplemental,derived_ebe,c101_s7dec_subject_a_p4_c02_20260805T164107Z,c3d65c08-20ba-56dc-b593-4c175c2ca8d6,b340f994e6975bb0,0,1,delivered,live,live,41.724609375,1,1071,True,False
supplemental,derived_ebe,c101_s7dec_subject_a_p6_c01_20260805T164109Z,f98a81de-d918-5996-a1be-dd478eb4bc84,06028b3ffe28f35e,0,1,delivered,live,live,45.630859375,1,1074,True,False
supplemental,derived_ebe,c101_s7dec_subject_a_p6_c01_20260805T164109Z,ad474854-26a5-5aca-b607-d866ecdd65c5,c91c3743e4f9d006,1,0,suppressed_cooldown,live,,,0,,False,False
supplemental,derived_ebe,c101_s7dec_subject_a_p6_c02_20260805T164110Z,412569fd-c31b-5de3-90d3-2e1e910851d8,c531476f634aa153,0,1,delivered,live,live,43.33154296875,1,1074,True,False
supplemental,derived_ebe,c101_s7dec_subject_a_p6_c02_20260805T164110Z,2a41b72a-1388-50d8-b2ad-463085e9f842,e5a37f86bbafb321,1,1,delivered,live,live,44.817138671875,1,1070,False,False
supplemental,derived_ebe,c101_s7dec_subject_a_p7_c01_20260805T164110Z,b67e6c58-28b3-5dc8-80f6-26bdcc40bf97,cefc0fd09caa6696,0,1,delivered,live,live,28.649658203125,1,1073,True,False
supplemental,derived_ebe,c101_s7dec_subject_a_p7_c02_20260805T164111Z,4d3ecbbc-c741-57ed-be24-c2886b46e911,1e58d1632a1698b2,0,1,delivered,live,live,42.633544921875,1,1075,True,False
supplemental,derived_ebe,c101_s7dec_subject_a_p7_c03_20260805T164111Z,040b74d2-bc73-5f36-8e2a-a230ce7a1ada,9f7c332a3e3adadd,0,1,delivered,live,live,30.80859375,1,1070,True,False
supplemental,derived_ebe,c101_s7dec_subject_a_p7_c03_20260805T164111Z,4f8b0ec3-c8df-5243-96b8-e614c33ded00,80298ab36a56a227,1,0,suppressed_cooldown,live,,,0,,False,False
supplemental,derived_ebe,c101_s7dec_subject_a_p7_c04_20260805T164112Z,6b0dfe11-e171-5b82-b564-8c842374eb9c,eeb3e0f3e3d1f743,0,1,delivered,live,live,41.5498046875,1,1072,True,False
supplemental,derived_ebe,c101_s7dec_subject_a_p8_c01_20260805T164112Z,0afdd4bd-a858-5a08-bfd8-6dcb5e9a7dee,526575abdbca34ad,0,1,delivered,live,live,32.825439453125,1,1073,True,False
supplemental,derived_ebe,c101_s7dec_subject_a_p8_c01_20260805T164112Z,70773cd7-17ef-5c10-a3bd-4f2c1636d27e,b27a89d4d6cf2fcd,1,0,suppressed_cooldown,live,,,0,,False,False
supplemental,derived_ebe,c101_s7dec_subject_a_p8_c01_20260805T164112Z,6f81c471-9c57-5384-bdb6-9409f8c6b132,8f62b4473b1817f6,2,1,delivered,live,live,35.5009765625,1,1069,False,False
supplemental,derived_ebe,c101_s7dec_subject_a_p9_c01_20260805T164113Z,2943c641-4a34-559f-8b8c-b8d62be80ba2,126cdadaffc4f27b,0,1,delivered,live,live,46.750244140625,1,1072,True,False
supplemental,derived_ebe,c101_s7dec_subject_a_p9_c02_20260805T164114Z,22802466-5e1a-5263-82c0-73638d4031bc,6ecc1e7e9bd48ddc,0,1,delivered,live,live,30.68505859375,1,1073,True,False
supplemental,derived_ebe,c101_s7dec_subject_a_p9_c03_20260805T164114Z,89e98d42-690f-56a0-98a1-f746e22e9e3d,5457a41fd7998d3e,0,1,delivered,live,live,42.38671875,1,1073,True,False
supplemental,derived_ebe,c101_s7dec_subject_a_p9_c06_20260805T164115Z,05c92271-a956-55fc-baab-eb0b502f5d3c,78829667347b998d,0,1,delivered,live,live,31.909912109375,1,1070,True,False
supplemental,derived_ebe,c101_s7dec_subject_a_p9_c08_20260805T164115Z,04cd365f-2b59-5579-9292-66758c504585,fcea731b274e9c87,0,1,delivered,live,live,45.139404296875,1,1072,True,False
